job_id,date,job_title,sector,region,company_type,experience_level,education,work_type,salary_gbp,skills,demand_score
JOB0001,2026-01-01,Project Manager,Business,East of England,Telecoms,Senior,Master's,Hybrid,72203,"Excel, Power BI, Stakeholder Management, Jira, Agile",6
JOB0002,2026-05-01,BI Analyst,Data,London,Banking,Senior,Degree,Remote,85224,"Statistics, Tableau, Excel, Pandas",2
JOB0003,2026-10-01,Business Analyst,Business,North West,Retail,Mid level,No degree,Hybrid,51888,"Requirements Analysis, Stakeholder Management, Excel, Power BI",7
JOB0004,2026-04-01,Cloud Engineer,Technology,Scotland,Public Sector,Entry level,Degree,Remote,46734,"Linux, Python, Docker",6
JOB0005,2026-02-01,Data Analyst,Data,North West,Banking,Mid level,Degree,Remote,52224,"Power BI, Excel, Python, Statistics",3
JOB0006,2025-11-01,Cloud Engineer,Technology,London,Insurance,Entry level,Degree,Hybrid,48650,"Docker, AWS, Cyber Security, Linux",5
JOB0007,2026-11-01,Data Analyst,Data,Yorkshire & Humber,HealthTech,Mid level,Degree,Hybrid,50456,"SQL, Excel, Power BI",6
JOB0008,2026-07-01,Data Analyst,Data,North East,Telecoms,Senior,Master's,Hybrid,64541,"Statistics, Tableau, Pandas, SQL, Power BI",4
JOB0009,2025-12-01,Software Engineer,Technology,West Midlands,Banking,Entry level,Master's,Remote,42280,"APIs, Git, SQL, Python, Linux",1
JOB0010,2026-08-01,Cyber Security Analyst,Technology,South East,SaaS,Entry level,Degree,Remote,38404,"Cyber Security, Git, Linux",2
JOB0011,2026-05-01,Operations Analyst,Operations,West Midlands,HealthTech,Mid level,Degree,Hybrid,47279,"Python, Power BI, Excel, Forecasting",6
JOB0012,2026-04-01,Cloud Engineer,Technology,South West,Retail,Entry level,Degree,Hybrid,42704,"APIs, Git, Docker, Cyber Security, AWS",4
JOB0013,2025-05-01,BI Analyst,Data,South East,FinTech,Senior,Master's,Hybrid,76117,"Statistics, Tableau, SQL, Excel, Data Visualisation",9
JOB0014,2026-06-01,Software Engineer,Technology,Scotland,Consulting,Mid level,Degree,Hybrid,55008,"SQL, Linux, Cyber Security, APIs, Python",5
JOB0015,2025-12-01,Digital Marketing Analyst,Marketing,London,Public Sector,Entry level,Master's,On-site,39601,"SQL, A/B Testing, Google Analytics, Excel",1
JOB0016,2025-01-01,Cyber Security Analyst,Technology,Yorkshire & Humber,HealthTech,Mid level,Degree,Remote,43705,"Docker, AWS, Python, Git, Linux",5
JOB0017,2026-06-01,Operations Analyst,Operations,London,Telecoms,Mid level,Degree,Hybrid,54755,"Forecasting, Excel, Python",7
JOB0018,2026-07-01,Data Analyst,Data,Scotland,Insurance,Mid level,Degree,Hybrid,46588,"Power BI, Pandas, Excel, Python",5
JOB0019,2025-12-01,Data Scientist,Data,Yorkshire & Humber,Telecoms,Senior,Degree,Hybrid,75379,"Excel, Tableau, Python, Data Visualisation",5
JOB0020,2026-08-01,Business Analyst,Business,London,HealthTech,Entry level,Degree,Hybrid,47093,"Power BI, Jira, Agile",7
JOB0021,2025-07-01,Business Analyst,Business,London,Telecoms,Entry level,Degree,Hybrid,38382,"Jira, Requirements Analysis, Excel",4
JOB0022,2026-04-01,Cloud Engineer,Technology,South West,Insurance,Senior,Master's,Remote,73393,"Git, Cyber Security, Linux, Python",3
JOB0023,2025-09-01,Data Scientist,Data,London,Retail,Mid level,Degree,Hybrid,68251,"SQL, Data Visualisation, Pandas, Power BI",8
JOB0024,2025-02-01,Cloud Engineer,Technology,North West,Insurance,Senior,Degree,Remote,79943,"Python, SQL, Linux",2
JOB0025,2026-06-01,Product Analyst,Data,London,E-commerce,Mid level,Degree,On-site,53054,"Power BI, SQL, Statistics",5
JOB0026,2025-12-01,Data Analyst,Data,North West,SaaS,Entry level,Degree,Hybrid,38174,"Data Visualisation, Power BI, Tableau, Pandas",5
JOB0027,2025-05-01,Data Analyst,Data,London,HealthTech,Mid level,Degree,Remote,63377,"Excel, Statistics, Data Visualisation, Pandas, Tableau",3
JOB0028,2026-11-01,Operations Analyst,Operations,East of England,Telecoms,Entry level,Master's,Hybrid,36113,"Python, Power BI, Excel, SQL, Process Improvement",3
JOB0029,2026-02-01,Cloud Engineer,Technology,North West,Banking,Entry level,Degree,Remote,49703,"Git, Cyber Security, Linux",3
JOB0030,2026-05-01,Operations Analyst,Operations,Scotland,Public Sector,Entry level,No degree,On-site,35527,"Python, Excel, Process Improvement",2
JOB0031,2026-08-01,Digital Marketing Analyst,Marketing,London,FinTech,Entry level,Degree,Remote,38334,"Power BI, Python, SQL",2
JOB0032,2026-05-01,Product Analyst,Data,Scotland,Retail,Entry level,Master's,Hybrid,37433,"Tableau, Statistics, Python, Power BI, Pandas",3
JOB0033,2026-08-01,Cyber Security Analyst,Technology,Yorkshire & Humber,FinTech,Mid level,Master's,Hybrid,46115,"Python, Linux, SQL, Cyber Security, APIs",4
JOB0034,2025-10-01,Digital Marketing Analyst,Marketing,Yorkshire & Humber,Telecoms,Entry level,Degree,Hybrid,27401,"A/B Testing, Python, SQL, Google Analytics, Power BI",6
JOB0035,2026-10-01,Product Analyst,Data,South West,Banking,Entry level,Degree,Hybrid,50423,"Pandas, Python, Excel, Tableau",7
JOB0036,2025-12-01,Business Analyst,Business,North West,Public Sector,Entry level,Degree,Hybrid,42083,"Excel, Power BI, Stakeholder Management, Jira",7
JOB0037,2026-02-01,Cyber Security Analyst,Technology,North West,Insurance,Entry level,Degree,Remote,42694,"Linux, AWS, APIs, Git, Docker",3
JOB0038,2025-12-01,Data Analyst,Data,Wales,Insurance,Entry level,Degree,Hybrid,40146,"Statistics, Data Visualisation, Python",6
JOB0039,2025-11-01,Product Analyst,Data,London,FinTech,Entry level,No degree,On-site,43922,"Python, Power BI, Data Visualisation, Pandas, Tableau",2
JOB0040,2025-05-01,Business Analyst,Business,London,E-commerce,Senior,No degree,Hybrid,83847,"Power BI, Jira, SQL, Requirements Analysis, Excel",5
JOB0041,2025-05-01,Business Analyst,Business,South West,Insurance,Entry level,Degree,Hybrid,42813,"Excel, Requirements Analysis, Power BI, Agile",8
JOB0042,2026-01-01,Software Engineer,Technology,West Midlands,HealthTech,Entry level,Master's,Hybrid,52193,"AWS, Docker, APIs, SQL, Cyber Security",5
JOB0043,2025-08-01,Software Engineer,Technology,South West,HealthTech,Mid level,Degree,Hybrid,53122,"Cyber Security, Git, Docker",5
JOB0044,2026-10-01,Data Scientist,Data,Yorkshire & Humber,E-commerce,Mid level,No degree,Remote,52611,"Power BI, Data Visualisation, Pandas, Statistics",2
JOB0045,2025-03-01,Project Manager,Business,East of England,FinTech,Mid level,Master's,On-site,53370,"Requirements Analysis, Agile, Jira, Power BI, Stakeholder Management",6
JOB0046,2025-11-01,Project Manager,Business,London,E-commerce,Mid level,Master's,On-site,60465,"Power BI, SQL, Agile, Jira, Excel",5
JOB0047,2025-07-01,Data Scientist,Data,North West,Insurance,Senior,Degree,Hybrid,77091,"Data Visualisation, Tableau, Power BI, Excel, Pandas",6
JOB0048,2026-05-01,Product Analyst,Data,East of England,Telecoms,Entry level,No degree,Hybrid,43885,"Excel, Statistics, Power BI",4
JOB0049,2025-02-01,Business Analyst,Business,West Midlands,FinTech,Senior,Master's,Remote,65852,"Jira, Requirements Analysis, Power BI, Excel",2
JOB0050,2026-12-01,Cyber Security Analyst,Technology,North West,Telecoms,Entry level,Degree,On-site,34537,"Docker, APIs, Git, AWS, SQL",6
JOB0051,2025-02-01,Data Scientist,Data,South East,Telecoms,Entry level,No degree,Hybrid,48632,"Excel, Pandas, Tableau, Power BI",7
JOB0052,2026-11-01,BI Analyst,Data,London,Retail,Mid level,No degree,Hybrid,64236,"Python, Pandas, Tableau, Statistics",3
JOB0053,2026-04-01,Cyber Security Analyst,Technology,West Midlands,HealthTech,Entry level,Degree,Hybrid,45270,"Cyber Security, Git, Linux, SQL",5
JOB0054,2025-01-01,Data Analyst,Data,Wales,Retail,Entry level,Degree,Hybrid,38772,"Power BI, Statistics, Data Visualisation",5
JOB0055,2025-12-01,Cyber Security Analyst,Technology,North West,FinTech,Entry level,Degree,On-site,33343,"SQL, Linux, Cyber Security",3
JOB0056,2025-12-01,Data Analyst,Data,London,FinTech,Entry level,Degree,Remote,51532,"Tableau, SQL, Statistics",4
JOB0057,2026-12-01,Project Manager,Business,Wales,E-commerce,Entry level,No degree,Hybrid,45318,"Agile, SQL, Jira, Excel",4
JOB0058,2025-10-01,Software Engineer,Technology,South East,E-commerce,Entry level,Degree,Hybrid,41941,"Cyber Security, Git, Docker",7
JOB0059,2025-07-01,Business Analyst,Business,Yorkshire & Humber,Consulting,Entry level,Degree,On-site,34561,"Agile, Power BI, Jira",6
JOB0060,2025-05-01,Data Analyst,Data,North West,Retail,Entry level,Master's,Remote,41976,"Python, SQL, Pandas",3
JOB0061,2025-04-01,Financial Analyst,Finance,Yorkshire & Humber,Banking,Mid level,Master's,On-site,47695,"Python, Power BI, Forecasting, Excel",1
JOB0062,2025-07-01,Digital Marketing Analyst,Marketing,East of England,Retail,Mid level,Degree,On-site,54908,"A/B Testing, Power BI, Python",5
JOB0063,2025-11-01,BI Analyst,Data,Yorkshire & Humber,FinTech,Mid level,Master's,Hybrid,47411,"Tableau, Pandas, Data Visualisation",5
JOB0064,2026-04-01,Operations Analyst,Operations,South East,Public Sector,Mid level,No degree,Hybrid,66484,"Forecasting, Power BI, Python",5
JOB0065,2025-02-01,Software Engineer,Technology,East of England,Insurance,Entry level,Degree,Remote,47166,"Git, Python, Docker, SQL",3
JOB0066,2025-01-01,Business Analyst,Business,West Midlands,Retail,Mid level,Degree,Hybrid,52484,"Stakeholder Management, Agile, Excel, Requirements Analysis",11
JOB0067,2026-06-01,Business Analyst,Business,South East,Insurance,Mid level,Degree,Remote,49432,"SQL, Jira, Power BI, Excel",4
JOB0068,2026-03-01,Software Engineer,Technology,East of England,Consulting,Mid level,Master's,Hybrid,67332,"Docker, Git, Cyber Security, Python, Linux",5
JOB0069,2026-06-01,Financial Analyst,Finance,Wales,Insurance,Senior,Degree,Hybrid,55156,"Excel, SQL, Forecasting",7
JOB0070,2025-03-01,BI Analyst,Data,East of England,Retail,Entry level,Degree,On-site,49561,"Statistics, Excel, Python, Tableau",2
JOB0071,2026-12-01,Data Analyst,Data,South West,E-commerce,Entry level,Degree,Hybrid,35044,"Data Visualisation, SQL, Statistics, Power BI",5
JOB0072,2026-04-01,Operations Analyst,Operations,South East,Banking,Entry level,Degree,Remote,36489,"Forecasting, Process Improvement, Python, SQL",3
JOB0073,2025-11-01,Operations Analyst,Operations,South East,HealthTech,Entry level,Degree,Hybrid,35916,"SQL, Python, Excel",7
JOB0074,2026-12-01,Cyber Security Analyst,Technology,North East,SaaS,Entry level,Degree,Remote,40976,"Cyber Security, Git, SQL, AWS, Docker",5
JOB0075,2026-06-01,Project Manager,Business,East of England,Consulting,Mid level,Master's,Hybrid,56531,"Requirements Analysis, Excel, Jira, Power BI, Agile",3
JOB0076,2026-08-01,Financial Analyst,Finance,North West,Public Sector,Mid level,Degree,Hybrid,44746,"Forecasting, Python, Financial Modelling",4
JOB0077,2026-06-01,Data Scientist,Data,London,Public Sector,Entry level,Master's,On-site,54389,"Power BI, Tableau, Pandas",3
JOB0078,2026-05-01,Operations Analyst,Operations,East of England,SaaS,Mid level,Degree,Hybrid,52924,"Process Improvement, Python, Excel, SQL, Forecasting",6
JOB0079,2025-01-01,Data Scientist,Data,South West,Public Sector,Senior,Master's,On-site,73878,"Pandas, Power BI, Python, Data Visualisation, Statistics",2
JOB0080,2026-02-01,BI Analyst,Data,East of England,Insurance,Entry level,Master's,On-site,40169,"Excel, Python, Power BI",2
JOB0081,2025-01-01,Data Analyst,Data,East of England,Consulting,Senior,Degree,Hybrid,86451,"Data Visualisation, Statistics, Tableau, Excel",7
JOB0082,2025-06-01,Data Analyst,Data,Scotland,SaaS,Entry level,Degree,Hybrid,41372,"Statistics, Data Visualisation, Python, Power BI",4
JOB0083,2025-06-01,Financial Analyst,Finance,North East,Insurance,Entry level,Degree,Hybrid,35858,"Financial Modelling, SQL, Forecasting",6
JOB0084,2026-02-01,Project Manager,Business,Scotland,FinTech,Mid level,No degree,Hybrid,56235,"Stakeholder Management, Jira, Requirements Analysis, SQL, Excel",5
JOB0085,2025-07-01,Financial Analyst,Finance,Scotland,Retail,Entry level,Degree,On-site,34053,"Excel, Forecasting, Python, Financial Modelling, Power BI",5
JOB0086,2026-07-01,Software Engineer,Technology,London,HealthTech,Entry level,Master's,Hybrid,47387,"SQL, Python, APIs",5
JOB0087,2025-11-01,Cyber Security Analyst,Technology,East of England,E-commerce,Senior,No degree,On-site,67471,"Linux, APIs, AWS",5
JOB0088,2025-07-01,Data Analyst,Data,North West,HealthTech,Mid level,Degree,Hybrid,40199,"Python, Pandas, Data Visualisation, SQL, Excel",6
JOB0089,2026-09-01,Data Analyst,Data,London,SaaS,Senior,Degree,Hybrid,85425,"Pandas, Statistics, Data Visualisation, Excel, Power BI",5
JOB0090,2025-02-01,Business Analyst,Business,London,FinTech,Entry level,Degree,Hybrid,40922,"Power BI, Excel, SQL",5
JOB0091,2026-07-01,Product Analyst,Data,London,Insurance,Senior,No degree,Hybrid,69042,"Tableau, Power BI, Excel",7
JOB0092,2026-11-01,Software Engineer,Technology,South East,Telecoms,Senior,Degree,Remote,70825,"Linux, SQL, Git",4
JOB0093,2025-01-01,Business Analyst,Business,South East,Telecoms,Entry level,Degree,On-site,49260,"Jira, Power BI, Agile, Stakeholder Management",4
JOB0094,2025-09-01,Cyber Security Analyst,Technology,West Midlands,Consulting,Mid level,Master's,Hybrid,56260,"AWS, Linux, Python",5
JOB0095,2025-05-01,BI Analyst,Data,Yorkshire & Humber,Telecoms,Entry level,Master's,On-site,40265,"Pandas, Tableau, Python, Data Visualisation",2
JOB0096,2025-04-01,Data Analyst,Data,North West,Insurance,Mid level,Degree,Remote,37922,"Statistics, Excel, Python, Tableau, Pandas",4
JOB0097,2025-02-01,Business Analyst,Business,Scotland,Consulting,Mid level,Degree,On-site,45362,"Stakeholder Management, Power BI, Excel, Agile, Requirements Analysis",6
JOB0098,2025-06-01,Software Engineer,Technology,South East,Banking,Entry level,Degree,Remote,47222,"Python, Linux, SQL, Docker, AWS",3
JOB0099,2026-12-01,Financial Analyst,Finance,South East,FinTech,Mid level,Degree,Hybrid,42761,"Power BI, SQL, Forecasting, Excel",8
JOB0100,2025-09-01,Financial Analyst,Finance,Wales,FinTech,Mid level,Degree,Hybrid,43103,"SQL, Python, Power BI",7
JOB0101,2026-11-01,Operations Analyst,Operations,Scotland,HealthTech,Entry level,Degree,Remote,30931,"Excel, Forecasting, Python",3
JOB0102,2025-05-01,Operations Analyst,Operations,South East,Telecoms,Entry level,Degree,On-site,43351,"Process Improvement, Excel, Forecasting",4
JOB0103,2025-11-01,Project Manager,Business,West Midlands,FinTech,Mid level,No degree,On-site,33731,"Agile, Power BI, Requirements Analysis, SQL, Stakeholder Management",1
JOB0104,2025-08-01,Project Manager,Business,East of England,SaaS,Senior,Degree,Hybrid,61208,"Jira, Requirements Analysis, SQL",7
JOB0105,2025-07-01,Business Analyst,Business,London,Insurance,Entry level,Degree,On-site,44452,"Stakeholder Management, Jira, SQL, Requirements Analysis",4
JOB0106,2025-03-01,Data Scientist,Data,East of England,Banking,Senior,Degree,Remote,79148,"SQL, Statistics, Pandas, Power BI",4
JOB0107,2025-01-01,Operations Analyst,Operations,London,Banking,Entry level,Degree,Hybrid,38580,"Excel, Power BI, Process Improvement, Python",4
JOB0108,2025-01-01,Product Analyst,Data,London,Public Sector,Mid level,Degree,On-site,57814,"SQL, Excel, Statistics, Python",6
JOB0109,2026-03-01,Software Engineer,Technology,North West,Retail,Mid level,No degree,Hybrid,58937,"SQL, Python, Cyber Security, Git",4
JOB0110,2026-02-01,Business Analyst,Business,North West,Retail,Mid level,No degree,Hybrid,40486,"Excel, SQL, Agile",7
JOB0111,2025-10-01,Software Engineer,Technology,East of England,Banking,Entry level,Degree,Hybrid,40076,"Docker, SQL, Linux",9
JOB0112,2026-10-01,Software Engineer,Technology,London,HealthTech,Mid level,Degree,Hybrid,72986,"Docker, SQL, Python, APIs, AWS",7
JOB0113,2026-08-01,Product Analyst,Data,Wales,Banking,Senior,Degree,On-site,66665,"Python, Statistics, Excel, Tableau, SQL",4
JOB0114,2026-07-01,Cloud Engineer,Technology,London,Public Sector,Entry level,Master's,Remote,59340,"AWS, Linux, Python, SQL, Cyber Security",4
JOB0115,2025-02-01,Business Analyst,Business,London,Telecoms,Entry level,No degree,Hybrid,41044,"Stakeholder Management, Excel, Power BI, SQL, Requirements Analysis",4
JOB0116,2025-01-01,Cloud Engineer,Technology,London,HealthTech,Entry level,No degree,Hybrid,42271,"Git, SQL, Docker, Cyber Security",5
JOB0117,2026-06-01,BI Analyst,Data,Northern Ireland,Consulting,Entry level,Degree,Hybrid,32633,"Data Visualisation, Excel, Statistics, Python, SQL",7
JOB0118,2025-02-01,Financial Analyst,Finance,Northern Ireland,Banking,Entry level,Degree,On-site,27628,"Financial Modelling, Forecasting, Excel",3
JOB0119,2026-04-01,Cyber Security Analyst,Technology,South East,Telecoms,Mid level,No degree,Remote,54612,"SQL, AWS, Python",2
JOB0120,2025-11-01,Cloud Engineer,Technology,East of England,FinTech,Entry level,Degree,Remote,51465,"Git, Linux, Cyber Security, SQL, APIs",5
JOB0121,2025-02-01,Business Analyst,Business,Scotland,Consulting,Senior,Master's,Hybrid,67379,"Stakeholder Management, SQL, Power BI, Excel, Agile",4
JOB0122,2026-08-01,Cyber Security Analyst,Technology,North West,Consulting,Entry level,Master's,On-site,42450,"SQL, AWS, Linux",7
JOB0123,2025-03-01,Cyber Security Analyst,Technology,Northern Ireland,Insurance,Entry level,Degree,On-site,34157,"AWS, Git, Linux",4
JOB0124,2026-11-01,Product Analyst,Data,North West,FinTech,Senior,Degree,Hybrid,67542,"Excel, Power BI, Statistics, Python, Tableau",6
JOB0125,2025-08-01,Project Manager,Business,South East,Retail,Senior,Master's,On-site,75256,"Jira, Agile, Power BI",1
JOB0126,2025-03-01,Operations Analyst,Operations,Yorkshire & Humber,Insurance,Mid level,Master's,Hybrid,41506,"Forecasting, Power BI, SQL, Excel",5
JOB0127,2025-07-01,Operations Analyst,Operations,South West,Telecoms,Senior,Degree,Hybrid,70760,"Python, Power BI, Excel",4
JOB0128,2025-10-01,Business Analyst,Business,Scotland,Banking,Mid level,Master's,Remote,48830,"Jira, SQL, Power BI, Requirements Analysis, Agile",2
JOB0129,2026-11-01,Data Scientist,Data,London,Public Sector,Entry level,Master's,Hybrid,46739,"SQL, Statistics, Power BI, Pandas, Python",6
JOB0130,2025-08-01,BI Analyst,Data,North West,FinTech,Mid level,Degree,Hybrid,46223,"Pandas, Python, Power BI, Excel, Statistics",5
JOB0131,2026-12-01,Project Manager,Business,London,SaaS,Senior,Degree,Remote,86884,"Excel, Agile, Stakeholder Management, Requirements Analysis",4
JOB0132,2026-12-01,BI Analyst,Data,West Midlands,Banking,Senior,Degree,Hybrid,61244,"SQL, Python, Data Visualisation, Statistics, Excel",6
JOB0133,2025-05-01,BI Analyst,Data,London,Retail,Senior,Degree,Remote,76826,"Excel, SQL, Data Visualisation",7
JOB0134,2025-01-01,Data Scientist,Data,South East,SaaS,Entry level,Degree,On-site,49162,"Pandas, Tableau, SQL, Power BI, Data Visualisation",4
JOB0135,2025-01-01,Operations Analyst,Operations,Northern Ireland,Public Sector,Senior,Master's,Hybrid,65280,"Excel, SQL, Power BI",5
JOB0136,2025-02-01,Software Engineer,Technology,London,HealthTech,Entry level,Master's,Hybrid,49680,"SQL, Git, Cyber Security",4
JOB0137,2025-01-01,Data Scientist,Data,London,Insurance,Entry level,Degree,Hybrid,53164,"Pandas, Statistics, Excel, Power BI, SQL",5
JOB0138,2026-08-01,Business Analyst,Business,South West,HealthTech,Mid level,Degree,Hybrid,45611,"Excel, Jira, Power BI, Requirements Analysis",6
JOB0139,2026-02-01,Data Analyst,Data,South East,Consulting,Mid level,Degree,Hybrid,47150,"Tableau, Data Visualisation, Pandas, Power BI",6
JOB0140,2025-04-01,Data Analyst,Data,London,Telecoms,Mid level,Degree,Hybrid,54450,"Data Visualisation, Pandas, Power BI, Tableau, SQL",4
JOB0141,2026-07-01,Project Manager,Business,North East,Banking,Senior,No degree,Hybrid,50956,"Requirements Analysis, Excel, Stakeholder Management",4
JOB0142,2026-06-01,Project Manager,Business,London,Consulting,Mid level,Master's,Hybrid,51442,"Jira, Excel, Agile, Stakeholder Management",4
JOB0143,2025-05-01,Operations Analyst,Operations,Yorkshire & Humber,Telecoms,Entry level,Master's,Hybrid,27775,"Python, Excel, Process Improvement, SQL, Power BI",4
JOB0144,2025-04-01,Financial Analyst,Finance,South East,Insurance,Entry level,Degree,Remote,29230,"Forecasting, Excel, Python",5
JOB0145,2025-04-01,Digital Marketing Analyst,Marketing,West Midlands,Banking,Entry level,Degree,Remote,33311,"SQL, Python, Excel",4
JOB0146,2025-11-01,Product Analyst,Data,South East,HealthTech,Mid level,Degree,Hybrid,57688,"Excel, SQL, Pandas",6
JOB0147,2026-09-01,BI Analyst,Data,South East,Public Sector,Mid level,Degree,Remote,55774,"Power BI, Data Visualisation, SQL, Statistics, Tableau",4
JOB0148,2025-05-01,Cyber Security Analyst,Technology,West Midlands,Banking,Entry level,Degree,On-site,33390,"Cyber Security, Linux, Python",4
JOB0149,2026-02-01,Data Analyst,Data,South West,SaaS,Entry level,Degree,Hybrid,39621,"Pandas, Statistics, Power BI, Data Visualisation",6
JOB0150,2026-05-01,Cloud Engineer,Technology,East of England,Public Sector,Mid level,No degree,Hybrid,55317,"Linux, Docker, AWS",4
JOB0151,2026-04-01,Data Scientist,Data,South East,HealthTech,Entry level,Master's,Hybrid,41031,"Power BI, Data Visualisation, SQL, Python",3
JOB0152,2025-08-01,Cyber Security Analyst,Technology,London,HealthTech,Entry level,Master's,Hybrid,45289,"Git, Python, APIs, Cyber Security, Linux",4
JOB0153,2026-03-01,BI Analyst,Data,London,Retail,Mid level,Degree,On-site,57118,"Python, Pandas, Statistics",2
JOB0154,2025-09-01,Data Scientist,Data,London,E-commerce,Entry level,Degree,Hybrid,53240,"Python, SQL, Power BI",8
JOB0155,2025-03-01,Project Manager,Business,Yorkshire & Humber,E-commerce,Senior,No degree,Hybrid,72316,"SQL, Stakeholder Management, Excel, Jira, Power BI",3
JOB0156,2026-01-01,Financial Analyst,Finance,London,Retail,Mid level,Master's,Remote,51610,"Power BI, Forecasting, Excel, Financial Modelling, SQL",4
JOB0157,2025-12-01,Digital Marketing Analyst,Marketing,East of England,SaaS,Entry level,Degree,Hybrid,34346,"Excel, Python, A/B Testing",6
JOB0158,2026-11-01,Operations Analyst,Operations,Scotland,Telecoms,Senior,Master's,Hybrid,69655,"Forecasting, SQL, Excel, Process Improvement",3
JOB0159,2025-01-01,BI Analyst,Data,Yorkshire & Humber,Consulting,Entry level,Degree,Remote,37700,"Python, SQL, Pandas",5
JOB0160,2026-06-01,BI Analyst,Data,Yorkshire & Humber,Consulting,Mid level,Degree,Hybrid,52685,"Statistics, Tableau, SQL, Power BI, Pandas",7
JOB0161,2025-12-01,Cyber Security Analyst,Technology,East of England,FinTech,Entry level,No degree,Hybrid,44793,"Linux, AWS, APIs, Cyber Security, Python",6
JOB0162,2025-12-01,Software Engineer,Technology,South East,Public Sector,Mid level,Degree,Hybrid,57702,"AWS, APIs, Git, SQL",5
JOB0163,2025-08-01,BI Analyst,Data,Scotland,Public Sector,Entry level,Degree,On-site,35991,"Tableau, Python, Statistics, Excel",4
JOB0164,2026-09-01,BI Analyst,Data,London,FinTech,Mid level,Degree,Remote,59510,"Tableau, Power BI, Statistics, Excel, Data Visualisation",3
JOB0165,2026-05-01,Digital Marketing Analyst,Marketing,North West,Retail,Mid level,Degree,Hybrid,39421,"Excel, Power BI, Python, SQL, A/B Testing",7
JOB0166,2026-11-01,Data Scientist,Data,London,HealthTech,Mid level,Degree,Hybrid,57799,"Data Visualisation, SQL, Power BI, Pandas, Statistics",6
JOB0167,2026-07-01,Digital Marketing Analyst,Marketing,Northern Ireland,Telecoms,Entry level,Degree,Hybrid,34842,"Excel, A/B Testing, Power BI, Python",4
JOB0168,2025-08-01,Data Analyst,Data,East of England,SaaS,Entry level,Degree,On-site,49374,"Python, Power BI, Tableau",4
JOB0169,2026-04-01,Software Engineer,Technology,North West,Retail,Senior,Degree,Hybrid,75457,"Linux, Python, APIs",5
JOB0170,2026-02-01,Digital Marketing Analyst,Marketing,Scotland,SaaS,Entry level,Degree,Hybrid,24000,"Power BI, Excel, SQL, Python, Google Analytics",6
JOB0171,2026-07-01,Data Analyst,Data,East of England,Banking,Senior,Master's,Remote,73227,"Data Visualisation, Python, Excel",2
JOB0172,2026-02-01,Data Scientist,Data,South East,Consulting,Entry level,No degree,Remote,51998,"Pandas, Python, Statistics",1
JOB0173,2025-03-01,Data Analyst,Data,Yorkshire & Humber,FinTech,Senior,Degree,Remote,75637,"Excel, Pandas, Statistics",5
JOB0174,2025-12-01,Business Analyst,Business,West Midlands,Telecoms,Mid level,Master's,Remote,41981,"Power BI, Requirements Analysis, Excel, Jira, Stakeholder Management",5
JOB0175,2026-07-01,Data Analyst,Data,London,Telecoms,Mid level,Degree,On-site,56189,"Statistics, Pandas, Tableau",3
JOB0176,2026-10-01,Financial Analyst,Finance,North West,Public Sector,Mid level,Master's,Remote,44656,"Excel, Forecasting, Financial Modelling, Power BI",4
JOB0177,2025-12-01,Business Analyst,Business,West Midlands,Public Sector,Mid level,Degree,Hybrid,44957,"Power BI, Stakeholder Management, Agile, Jira",8
JOB0178,2025-10-01,Data Scientist,Data,West Midlands,SaaS,Senior,Master's,Hybrid,65135,"Python, Pandas, Data Visualisation, Tableau",5
JOB0179,2025-10-01,Financial Analyst,Finance,West Midlands,Retail,Entry level,Degree,Hybrid,46588,"Financial Modelling, Power BI, Python",4
JOB0180,2026-02-01,Software Engineer,Technology,Scotland,FinTech,Entry level,Master's,Remote,32282,"SQL, Cyber Security, Docker",5
JOB0181,2025-12-01,Cloud Engineer,Technology,West Midlands,Public Sector,Entry level,Master's,On-site,39557,"Docker, Cyber Security, Python, Git, APIs",3
JOB0182,2026-10-01,Data Analyst,Data,London,Public Sector,Senior,Degree,Hybrid,72743,"SQL, Excel, Python, Tableau",6
JOB0183,2026-01-01,Digital Marketing Analyst,Marketing,Scotland,FinTech,Mid level,Degree,Remote,43460,"Power BI, SQL, Google Analytics, Excel, A/B Testing",4
JOB0184,2025-11-01,Software Engineer,Technology,South East,Banking,Mid level,Degree,On-site,61713,"Linux, Cyber Security, AWS",5
JOB0185,2026-03-01,Data Analyst,Data,South East,FinTech,Mid level,Degree,Remote,61369,"Tableau, Pandas, Python, Data Visualisation, Excel",4
JOB0186,2025-07-01,BI Analyst,Data,Yorkshire & Humber,FinTech,Senior,Degree,Remote,78803,"Pandas, Data Visualisation, Statistics, Python, Power BI",3
JOB0187,2026-09-01,Cyber Security Analyst,Technology,South East,FinTech,Entry level,Degree,Hybrid,44300,"Docker, Git, Python, Cyber Security, Linux",8
JOB0188,2026-08-01,Cyber Security Analyst,Technology,Yorkshire & Humber,Insurance,Entry level,Degree,Remote,41249,"Python, AWS, APIs",4
JOB0189,2025-09-01,Cyber Security Analyst,Technology,London,SaaS,Senior,Master's,On-site,87305,"Docker, APIs, Linux, SQL, Git",2
JOB0190,2026-05-01,Data Scientist,Data,London,Consulting,Mid level,No degree,Remote,59013,"Excel, Data Visualisation, Tableau, SQL",5
JOB0191,2025-02-01,Digital Marketing Analyst,Marketing,Yorkshire & Humber,HealthTech,Mid level,Master's,Remote,46084,"Google Analytics, Excel, Python, Power BI, SQL",2
JOB0192,2025-05-01,Data Scientist,Data,Wales,Banking,Entry level,Degree,Hybrid,35539,"Python, SQL, Statistics, Tableau",6
JOB0193,2026-05-01,Cyber Security Analyst,Technology,North West,Retail,Mid level,Degree,Remote,48235,"Cyber Security, Git, Linux, APIs, AWS",4
JOB0194,2025-06-01,Data Scientist,Data,West Midlands,SaaS,Senior,Degree,On-site,81141,"Excel, Python, Statistics, Pandas, Data Visualisation",5
JOB0195,2025-02-01,Digital Marketing Analyst,Marketing,London,SaaS,Entry level,Degree,On-site,30062,"A/B Testing, Python, Excel",3
JOB0196,2025-11-01,BI Analyst,Data,West Midlands,HealthTech,Senior,Degree,Hybrid,62142,"Pandas, Excel, Statistics",5
JOB0197,2026-08-01,Data Scientist,Data,West Midlands,FinTech,Entry level,Degree,Hybrid,44510,"SQL, Python, Tableau",6
JOB0198,2026-12-01,Software Engineer,Technology,Scotland,FinTech,Entry level,Degree,Hybrid,48578,"Cyber Security, Python, Linux",10
JOB0199,2026-01-01,Operations Analyst,Operations,London,E-commerce,Entry level,Degree,On-site,40031,"Forecasting, Python, Excel, Process Improvement",3
JOB0200,2026-01-01,Project Manager,Business,South East,HealthTech,Mid level,Degree,Hybrid,59217,"Requirements Analysis, Stakeholder Management, Excel",6
JOB0201,2025-12-01,BI Analyst,Data,South West,Public Sector,Entry level,Master's,Hybrid,31339,"Power BI, Python, Tableau, Data Visualisation, Pandas",6
JOB0202,2026-08-01,Product Analyst,Data,London,Public Sector,Entry level,Degree,Remote,44416,"Pandas, Python, SQL",2
JOB0203,2025-03-01,Data Analyst,Data,West Midlands,E-commerce,Entry level,Degree,Hybrid,38323,"Excel, Power BI, Statistics, Python, Data Visualisation",5
JOB0204,2025-05-01,Cloud Engineer,Technology,Yorkshire & Humber,FinTech,Entry level,Degree,Hybrid,44672,"SQL, Linux, APIs, Cyber Security, Git",7
JOB0205,2026-06-01,Business Analyst,Business,North West,E-commerce,Entry level,Degree,Remote,35690,"Jira, Requirements Analysis, SQL, Power BI",6
JOB0206,2026-09-01,Software Engineer,Technology,West Midlands,FinTech,Entry level,Degree,Hybrid,45809,"Docker, Git, AWS",6
JOB0207,2025-08-01,Data Scientist,Data,London,HealthTech,Entry level,Degree,Hybrid,51040,"SQL, Python, Data Visualisation, Statistics",5
JOB0208,2026-10-01,Data Analyst,Data,South West,Retail,Entry level,Degree,Hybrid,47585,"Pandas, Data Visualisation, Statistics, Power BI, Excel",6
JOB0209,2025-08-01,Operations Analyst,Operations,London,SaaS,Senior,Degree,Remote,76192,"SQL, Power BI, Excel, Process Improvement, Python",4
JOB0210,2026-02-01,Data Scientist,Data,Wales,SaaS,Entry level,Master's,On-site,41694,"Tableau, Data Visualisation, Python",4
JOB0211,2026-07-01,Product Analyst,Data,London,Telecoms,Mid level,No degree,Remote,55774,"Python, SQL, Power BI, Pandas",3
JOB0212,2026-04-01,Data Scientist,Data,East of England,HealthTech,Entry level,Master's,On-site,46669,"SQL, Python, Power BI, Pandas, Data Visualisation",2
JOB0213,2026-06-01,Data Scientist,Data,South West,SaaS,Mid level,No degree,Hybrid,55932,"Power BI, Excel, Tableau, Data Visualisation",4
JOB0214,2025-05-01,Financial Analyst,Finance,London,Retail,Senior,Degree,Remote,72833,"Forecasting, Financial Modelling, Power BI, Excel",2
JOB0215,2026-11-01,Product Analyst,Data,London,HealthTech,Entry level,Degree,Hybrid,39999,"Statistics, Power BI, Data Visualisation",7
JOB0216,2025-12-01,Business Analyst,Business,North East,SaaS,Entry level,Master's,Remote,24282,"Excel, Jira, Power BI",1
JOB0217,2025-11-01,Data Analyst,Data,Yorkshire & Humber,Retail,Entry level,No degree,Remote,37824,"Tableau, Pandas, SQL, Statistics, Power BI",4
JOB0218,2026-04-01,Software Engineer,Technology,London,Telecoms,Entry level,Master's,Remote,51174,"APIs, AWS, SQL, Python",3
JOB0219,2025-11-01,Business Analyst,Business,North West,Insurance,Entry level,No degree,Remote,31687,"Stakeholder Management, Agile, SQL, Requirements Analysis",1
JOB0220,2025-05-01,Product Analyst,Data,Scotland,Banking,Mid level,Degree,Remote,60223,"Power BI, Data Visualisation, SQL",4
JOB0221,2025-08-01,Cyber Security Analyst,Technology,East of England,Insurance,Entry level,Master's,Hybrid,48870,"Cyber Security, Python, Linux",6
JOB0222,2026-08-01,Data Scientist,Data,London,Insurance,Entry level,Master's,Remote,56430,"SQL, Power BI, Statistics, Pandas, Excel",5
JOB0223,2025-06-01,Data Analyst,Data,East of England,Public Sector,Entry level,Degree,On-site,34375,"Excel, Tableau, Statistics",4
JOB0224,2025-01-01,Operations Analyst,Operations,South East,Retail,Entry level,Master's,Remote,35845,"Python, Process Improvement, Excel, Forecasting",2
JOB0225,2025-07-01,Software Engineer,Technology,East of England,Telecoms,Entry level,Degree,Hybrid,41019,"Python, Linux, Docker",4
JOB0226,2025-02-01,Data Analyst,Data,Yorkshire & Humber,Insurance,Mid level,Master's,Hybrid,48023,"SQL, Power BI, Pandas, Python, Data Visualisation",7
JOB0227,2025-12-01,Data Analyst,Data,North West,HealthTech,Entry level,Degree,Hybrid,37762,"Python, Statistics, Pandas",6
JOB0228,2026-01-01,Financial Analyst,Finance,North West,E-commerce,Mid level,Degree,Hybrid,41264,"Python, SQL, Financial Modelling",6
JOB0229,2026-07-01,Digital Marketing Analyst,Marketing,South East,FinTech,Entry level,Degree,On-site,28886,"Python, Excel, Power BI",4
JOB0230,2025-06-01,Data Scientist,Data,London,Telecoms,Entry level,Degree,Remote,52020,"Python, Power BI, SQL, Tableau",8
JOB0231,2026-12-01,Data Analyst,Data,London,Retail,Entry level,Degree,Remote,55847,"Pandas, Data Visualisation, Excel, Statistics, Python",3
JOB0232,2026-12-01,Cloud Engineer,Technology,Yorkshire & Humber,SaaS,Mid level,Degree,Remote,56302,"Git, APIs, Docker, SQL, AWS",2
JOB0233,2026-06-01,Business Analyst,Business,London,Retail,Senior,Degree,Hybrid,78372,"Agile, Stakeholder Management, Requirements Analysis",4
JOB0234,2025-03-01,BI Analyst,Data,South East,Consulting,Senior,No degree,Hybrid,78747,"Power BI, Data Visualisation, Statistics, Tableau, SQL",5
JOB0235,2025-02-01,Data Analyst,Data,Yorkshire & Humber,Consulting,Entry level,Degree,Hybrid,30980,"Pandas, Statistics, Excel",10
JOB0236,2025-01-01,BI Analyst,Data,South East,Public Sector,Entry level,Master's,Hybrid,47615,"Pandas, Python, SQL",4
JOB0237,2025-06-01,Cyber Security Analyst,Technology,South East,FinTech,Mid level,Degree,Hybrid,63848,"Docker, SQL, Linux, Git",6
JOB0238,2025-12-01,Operations Analyst,Operations,Yorkshire & Humber,Public Sector,Entry level,Degree,Hybrid,25586,"Excel, Forecasting, Process Improvement, Python",5
JOB0239,2026-12-01,Project Manager,Business,London,Banking,Entry level,Degree,Hybrid,47353,"Requirements Analysis, Agile, Stakeholder Management, Excel",6
JOB0240,2025-05-01,Operations Analyst,Operations,South East,HealthTech,Entry level,Degree,Hybrid,34644,"Python, SQL, Process Improvement, Forecasting",5
JOB0241,2026-10-01,Data Analyst,Data,West Midlands,Banking,Mid level,Master's,Remote,48024,"Python, Statistics, Pandas, Data Visualisation, Power BI",3
JOB0242,2026-09-01,Financial Analyst,Finance,North West,Consulting,Entry level,Degree,Remote,40903,"Python, Power BI, Forecasting, SQL",4
JOB0243,2026-04-01,Cloud Engineer,Technology,London,SaaS,Mid level,Degree,Hybrid,74840,"SQL, AWS, Python, Linux, APIs",6
JOB0244,2025-06-01,Operations Analyst,Operations,East of England,Public Sector,Entry level,Degree,Remote,34111,"Power BI, Python, Forecasting, Process Improvement, Excel",3
JOB0245,2025-10-01,Cloud Engineer,Technology,West Midlands,Consulting,Senior,No degree,Remote,74604,"Linux, Cyber Security, Git, Python",2
JOB0246,2025-02-01,Data Scientist,Data,London,SaaS,Mid level,Master's,Hybrid,67802,"Pandas, Python, SQL, Tableau, Statistics",3
JOB0247,2026-10-01,Digital Marketing Analyst,Marketing,South West,SaaS,Senior,Degree,Hybrid,61082,"Power BI, A/B Testing, Excel, Google Analytics, SQL",5
JOB0248,2026-05-01,Data Analyst,Data,South East,FinTech,Senior,Degree,Remote,71097,"Tableau, Pandas, Power BI, Data Visualisation, Python",6
JOB0249,2026-06-01,Project Manager,Business,East of England,Banking,Mid level,Degree,Hybrid,49247,"Excel, Stakeholder Management, SQL, Jira, Power BI",6
JOB0250,2025-08-01,BI Analyst,Data,East of England,Public Sector,Senior,No degree,On-site,68578,"SQL, Python, Tableau, Pandas",4
JOB0251,2025-09-01,Cyber Security Analyst,Technology,North West,HealthTech,Entry level,Master's,Remote,37531,"Cyber Security, SQL, APIs",4
JOB0252,2026-03-01,Product Analyst,Data,Yorkshire & Humber,Telecoms,Mid level,Degree,Remote,52888,"Tableau, Pandas, Power BI, Excel, Python",4
JOB0253,2026-03-01,BI Analyst,Data,Yorkshire & Humber,Insurance,Mid level,Master's,Hybrid,49852,"Excel, Pandas, Tableau, Python",4
JOB0254,2026-03-01,Data Analyst,Data,East of England,Insurance,Entry level,Master's,Remote,34346,"SQL, Data Visualisation, Tableau",3
JOB0255,2025-06-01,Software Engineer,Technology,East of England,E-commerce,Mid level,No degree,Hybrid,63816,"Docker, APIs, AWS, Linux, SQL",7
JOB0256,2026-07-01,Cyber Security Analyst,Technology,South West,HealthTech,Entry level,No degree,Remote,45948,"Linux, SQL, AWS, APIs, Docker",3
JOB0257,2026-04-01,Cloud Engineer,Technology,South East,Banking,Mid level,Degree,Remote,57661,"Cyber Security, AWS, Git, Docker, APIs",5
JOB0258,2026-06-01,Cloud Engineer,Technology,London,Retail,Entry level,No degree,On-site,52962,"Docker, Linux, AWS, APIs, Python",2
JOB0259,2025-10-01,Business Analyst,Business,South East,Public Sector,Entry level,Degree,Remote,31528,"Excel, Requirements Analysis, Jira",3
JOB0260,2025-04-01,Software Engineer,Technology,North East,Consulting,Mid level,Degree,Hybrid,52474,"Linux, SQL, AWS, APIs, Docker",4
JOB0261,2026-02-01,Operations Analyst,Operations,North West,Insurance,Entry level,Degree,Hybrid,24000,"Forecasting, Python, Excel, Process Improvement, Power BI",5
JOB0262,2026-07-01,Project Manager,Business,South East,HealthTech,Entry level,Degree,On-site,34453,"Stakeholder Management, SQL, Agile",2
JOB0263,2026-10-01,Business Analyst,Business,East of England,Consulting,Senior,Degree,Hybrid,71523,"Jira, Requirements Analysis, Excel, Power BI, SQL",6
JOB0264,2025-09-01,Product Analyst,Data,South East,E-commerce,Entry level,Master's,On-site,52405,"Pandas, Data Visualisation, SQL",2
JOB0265,2026-03-01,Cyber Security Analyst,Technology,London,SaaS,Entry level,Degree,On-site,48386,"Linux, Python, Git, SQL",4
JOB0266,2025-11-01,Data Analyst,Data,London,Public Sector,Mid level,No degree,Hybrid,64054,"Python, SQL, Excel, Pandas",9
JOB0267,2025-04-01,Cloud Engineer,Technology,Yorkshire & Humber,E-commerce,Senior,No degree,Hybrid,72557,"Git, Cyber Security, APIs, SQL",6
JOB0268,2026-06-01,Operations Analyst,Operations,South West,Consulting,Mid level,Degree,Hybrid,45784,"Power BI, Python, Excel, Forecasting, Process Improvement",6
JOB0269,2026-09-01,Financial Analyst,Finance,South East,Banking,Senior,Degree,Hybrid,70071,"Financial Modelling, Power BI, Excel",5
JOB0270,2025-10-01,Data Scientist,Data,South West,SaaS,Entry level,No degree,Hybrid,37240,"Tableau, Python, Power BI",6
JOB0271,2025-12-01,Operations Analyst,Operations,North West,Telecoms,Senior,Master's,Hybrid,68451,"Python, Process Improvement, Excel, Power BI, SQL",4
JOB0272,2025-01-01,Operations Analyst,Operations,North East,SaaS,Entry level,Degree,Remote,33373,"Python, Forecasting, Excel",6
JOB0273,2025-02-01,Data Analyst,Data,London,E-commerce,Entry level,Degree,Hybrid,46545,"Pandas, Tableau, Data Visualisation",5
JOB0274,2025-02-01,BI Analyst,Data,London,Public Sector,Mid level,Degree,Hybrid,62857,"Statistics, Tableau, Data Visualisation",5
JOB0275,2026-04-01,Financial Analyst,Finance,West Midlands,Retail,Entry level,Degree,On-site,38475,"Forecasting, SQL, Power BI, Financial Modelling",4
JOB0276,2025-02-01,Project Manager,Business,South East,Retail,Mid level,Degree,Remote,52704,"Stakeholder Management, Agile, SQL, Jira",3
JOB0277,2025-04-01,Software Engineer,Technology,East of England,Public Sector,Mid level,Degree,Remote,60127,"Docker, Python, AWS, Git",4
JOB0278,2026-09-01,BI Analyst,Data,South East,Banking,Mid level,Degree,Hybrid,61934,"Tableau, Python, Data Visualisation",4
JOB0279,2025-12-01,Operations Analyst,Operations,London,Telecoms,Entry level,Master's,On-site,32876,"Python, Power BI, Process Improvement, Excel, Forecasting",2
JOB0280,2026-06-01,Financial Analyst,Finance,West Midlands,Consulting,Mid level,No degree,Remote,48375,"Excel, Forecasting, Financial Modelling",4
JOB0281,2025-04-01,Financial Analyst,Finance,Scotland,HealthTech,Senior,Degree,Remote,72773,"Forecasting, Power BI, Financial Modelling, SQL",5
JOB0282,2025-08-01,Business Analyst,Business,Wales,SaaS,Entry level,No degree,Hybrid,36050,"Requirements Analysis, Agile, Excel, Power BI",5
JOB0283,2026-08-01,Cyber Security Analyst,Technology,South East,Public Sector,Entry level,Degree,Hybrid,39040,"SQL, Docker, Cyber Security",6
JOB0284,2026-04-01,Data Analyst,Data,Wales,Consulting,Entry level,Degree,On-site,28489,"Pandas, Tableau, Statistics, Python, SQL",3
JOB0285,2025-11-01,Business Analyst,Business,Yorkshire & Humber,Consulting,Entry level,Degree,Hybrid,32779,"Excel, Power BI, SQL, Jira",5
JOB0286,2026-12-01,Data Analyst,Data,London,HealthTech,Entry level,Degree,Hybrid,43558,"Statistics, Python, Tableau, Excel",4
JOB0287,2026-02-01,Data Scientist,Data,East of England,FinTech,Senior,No degree,On-site,80533,"Python, SQL, Data Visualisation, Tableau",3
JOB0288,2026-02-01,Financial Analyst,Finance,South East,Public Sector,Senior,Degree,Hybrid,58697,"Excel, Power BI, Financial Modelling",5
JOB0289,2026-08-01,Operations Analyst,Operations,London,HealthTech,Mid level,Degree,Hybrid,57845,"Power BI, Python, Excel, SQL",10
JOB0290,2025-02-01,BI Analyst,Data,South East,Banking,Mid level,Degree,Hybrid,58367,"Data Visualisation, Statistics, Power BI, Tableau",5
JOB0291,2025-09-01,Operations Analyst,Operations,West Midlands,Banking,Entry level,Degree,Hybrid,24000,"Excel, Python, Process Improvement, SQL",8
JOB0292,2025-06-01,Cloud Engineer,Technology,North East,Telecoms,Mid level,Degree,Remote,54207,"Git, SQL, Cyber Security",3
JOB0293,2025-11-01,Product Analyst,Data,East of England,Retail,Entry level,Degree,Hybrid,33477,"Pandas, Power BI, Statistics, Python",6
JOB0294,2025-12-01,Operations Analyst,Operations,West Midlands,Retail,Mid level,Degree,Hybrid,43649,"Python, Forecasting, Power BI",6
JOB0295,2025-12-01,Financial Analyst,Finance,South West,E-commerce,Entry level,Master's,Hybrid,37489,"Excel, Power BI, Forecasting",6
JOB0296,2025-09-01,Project Manager,Business,West Midlands,HealthTech,Mid level,Degree,Remote,44619,"Stakeholder Management, SQL, Requirements Analysis, Agile, Jira",4
JOB0297,2025-02-01,Cyber Security Analyst,Technology,Scotland,Insurance,Senior,Master's,Remote,71044,"AWS, APIs, Git, Python",4
JOB0298,2025-03-01,Data Analyst,Data,East of England,Banking,Mid level,Degree,Hybrid,54647,"Power BI, Python, SQL, Excel, Statistics",5
JOB0299,2026-04-01,Digital Marketing Analyst,Marketing,London,Retail,Mid level,Degree,Hybrid,48467,"Excel, SQL, A/B Testing",4
JOB0300,2025-08-01,Software Engineer,Technology,West Midlands,Public Sector,Mid level,No degree,Remote,50855,"AWS, Git, APIs, Python, Docker",3
JOB0301,2026-10-01,Financial Analyst,Finance,West Midlands,E-commerce,Senior,Master's,Hybrid,62791,"Power BI, SQL, Financial Modelling",5
JOB0302,2026-05-01,BI Analyst,Data,London,E-commerce,Senior,Degree,Hybrid,82767,"Data Visualisation, Statistics, Python",6
JOB0303,2025-07-01,Cyber Security Analyst,Technology,London,FinTech,Mid level,Degree,Hybrid,56615,"SQL, Python, APIs",6
JOB0304,2026-06-01,Data Analyst,Data,South East,FinTech,Entry level,Degree,On-site,36284,"Tableau, Power BI, Data Visualisation, Excel",4
JOB0305,2026-04-01,Business Analyst,Business,East of England,Insurance,Senior,Degree,Remote,78310,"Requirements Analysis, Power BI, Excel, SQL, Stakeholder Management",2
JOB0306,2025-11-01,Business Analyst,Business,Scotland,Telecoms,Entry level,Degree,Hybrid,43860,"Power BI, Requirements Analysis, Excel, Jira",7
JOB0307,2026-02-01,Cloud Engineer,Technology,North West,Retail,Mid level,Degree,Remote,55405,"Linux, AWS, Git, Cyber Security, SQL",2
JOB0308,2026-12-01,Software Engineer,Technology,Wales,Telecoms,Entry level,Master's,Hybrid,52457,"Docker, Python, Git, APIs",5
JOB0309,2025-10-01,Data Analyst,Data,London,Banking,Entry level,Degree,Remote,35983,"Python, Tableau, Pandas, Power BI",5
JOB0310,2025-01-01,Business Analyst,Business,West Midlands,Public Sector,Entry level,No degree,Remote,39046,"Jira, Agile, Excel, SQL",6
JOB0311,2025-01-01,Product Analyst,Data,London,Banking,Entry level,Degree,Hybrid,43324,"Statistics, Pandas, Python, Tableau, Data Visualisation",5
JOB0312,2025-01-01,Data Analyst,Data,London,Telecoms,Mid level,Master's,Hybrid,51334,"SQL, Python, Tableau",7
JOB0313,2026-09-01,Data Analyst,Data,North West,Public Sector,Entry level,No degree,Remote,41896,"Excel, Power BI, Data Visualisation, Statistics, Tableau",3
JOB0314,2026-10-01,Cyber Security Analyst,Technology,North West,Consulting,Entry level,Degree,Hybrid,38487,"APIs, Python, SQL",6
JOB0315,2025-03-01,Data Analyst,Data,West Midlands,Retail,Entry level,Degree,Hybrid,40888,"Data Visualisation, Power BI, SQL, Excel, Pandas",7
JOB0316,2026-05-01,Cyber Security Analyst,Technology,London,Telecoms,Mid level,Degree,Remote,69727,"AWS, Docker, Python, SQL, Git",4
JOB0317,2026-11-01,Software Engineer,Technology,London,Consulting,Mid level,Degree,Hybrid,64038,"Cyber Security, Docker, Git, Python, SQL",6
JOB0318,2026-12-01,Software Engineer,Technology,London,SaaS,Entry level,Degree,Hybrid,52096,"Linux, Python, Cyber Security",6
JOB0319,2026-05-01,Data Scientist,Data,South East,FinTech,Entry level,Degree,On-site,35288,"Power BI, Data Visualisation, Pandas, Excel, Tableau",7
JOB0320,2026-04-01,Business Analyst,Business,North West,Consulting,Entry level,Master's,Hybrid,33537,"Stakeholder Management, Agile, Excel, SQL",7
JOB0321,2026-10-01,Product Analyst,Data,London,Public Sector,Mid level,Master's,Hybrid,64316,"Excel, Power BI, Pandas",6
JOB0322,2026-09-01,Project Manager,Business,London,Banking,Entry level,Degree,Hybrid,36541,"Agile, Power BI, Requirements Analysis, SQL, Excel",6
JOB0323,2026-08-01,Cyber Security Analyst,Technology,North West,SaaS,Mid level,Degree,Hybrid,60509,"SQL, Python, Linux, AWS",5
JOB0324,2026-12-01,Data Analyst,Data,South East,Insurance,Mid level,Degree,Remote,59798,"Power BI, Excel, Data Visualisation",6
JOB0325,2026-01-01,BI Analyst,Data,Scotland,HealthTech,Entry level,Master's,Hybrid,29395,"Power BI, Pandas, Python, Excel",3
JOB0326,2026-05-01,Data Analyst,Data,Northern Ireland,FinTech,Mid level,Degree,Hybrid,47296,"SQL, Data Visualisation, Excel, Power BI, Python",6
JOB0327,2026-12-01,Project Manager,Business,Yorkshire & Humber,Public Sector,Entry level,Master's,On-site,34527,"Excel, Jira, Agile",2
JOB0328,2026-05-01,BI Analyst,Data,West Midlands,Banking,Entry level,No degree,Hybrid,33506,"Excel, SQL, Tableau, Pandas",3
JOB0329,2026-02-01,Financial Analyst,Finance,Scotland,Banking,Senior,No degree,Remote,67269,"Financial Modelling, Power BI, Excel, Python, SQL",3
JOB0330,2025-11-01,Operations Analyst,Operations,East of England,HealthTech,Entry level,Degree,Hybrid,32368,"SQL, Forecasting, Python, Process Improvement",6
JOB0331,2026-08-01,Operations Analyst,Operations,Wales,Banking,Entry level,Master's,Hybrid,29557,"Power BI, Forecasting, Excel",4
JOB0332,2025-07-01,Operations Analyst,Operations,North West,HealthTech,Senior,Degree,Remote,58691,"SQL, Process Improvement, Forecasting, Excel, Power BI",4
JOB0333,2025-03-01,Software Engineer,Technology,North West,Telecoms,Entry level,Degree,Hybrid,43015,"APIs, Python, AWS",6
JOB0334,2026-04-01,Cyber Security Analyst,Technology,Wales,Consulting,Senior,Degree,Hybrid,76836,"Python, AWS, Cyber Security, APIs",7
JOB0335,2026-05-01,BI Analyst,Data,East of England,Retail,Senior,Degree,On-site,76043,"Data Visualisation, Pandas, Excel",3
JOB0336,2026-11-01,Data Analyst,Data,London,HealthTech,Entry level,No degree,On-site,44436,"Statistics, Excel, Pandas",2
JOB0337,2026-08-01,Cloud Engineer,Technology,Yorkshire & Humber,E-commerce,Mid level,Degree,Remote,52058,"Docker, APIs, Git, SQL, AWS",5
JOB0338,2025-02-01,Business Analyst,Business,South East,SaaS,Entry level,Degree,Hybrid,42000,"Requirements Analysis, SQL, Jira, Agile",5
JOB0339,2026-06-01,Product Analyst,Data,West Midlands,Insurance,Entry level,Degree,Hybrid,32682,"Tableau, Pandas, Python",6
JOB0340,2025-10-01,Software Engineer,Technology,South West,Retail,Entry level,Degree,On-site,44750,"Linux, APIs, Python, AWS, Docker",4
JOB0341,2026-11-01,Data Analyst,Data,East of England,Telecoms,Mid level,Master's,Hybrid,53223,"Python, SQL, Excel",6
JOB0342,2025-04-01,Operations Analyst,Operations,West Midlands,E-commerce,Mid level,No degree,Hybrid,45935,"Process Improvement, Power BI, SQL, Excel",5
JOB0343,2026-07-01,Cyber Security Analyst,Technology,London,Telecoms,Entry level,Degree,Hybrid,51118,"Git, AWS, Cyber Security",8
JOB0344,2026-11-01,Business Analyst,Business,North West,E-commerce,Mid level,Degree,Hybrid,50601,"Excel, Stakeholder Management, SQL, Requirements Analysis, Agile",5
JOB0345,2026-06-01,Data Analyst,Data,East of England,SaaS,Senior,Master's,Hybrid,77089,"Tableau, Power BI, SQL, Excel",5
JOB0346,2025-11-01,Data Scientist,Data,West Midlands,Banking,Mid level,Degree,Remote,58989,"Data Visualisation, Excel, Tableau",3
JOB0347,2026-03-01,Project Manager,Business,South West,Consulting,Mid level,Degree,Remote,54777,"Agile, Stakeholder Management, Requirements Analysis, Excel, Power BI",4
JOB0348,2025-11-01,Software Engineer,Technology,East of England,Insurance,Entry level,Degree,Remote,41895,"SQL, Python, AWS",2
JOB0349,2026-02-01,Data Analyst,Data,South West,E-commerce,Mid level,Degree,Hybrid,48924,"Excel, Pandas, Python",5
JOB0350,2026-01-01,Data Scientist,Data,London,SaaS,Mid level,Degree,Hybrid,73317,"Statistics, SQL, Tableau",6
JOB0351,2026-05-01,Software Engineer,Technology,London,Retail,Mid level,Degree,Hybrid,67829,"Docker, Git, Linux, Cyber Security, Python",5
JOB0352,2026-03-01,Data Scientist,Data,Yorkshire & Humber,E-commerce,Mid level,Degree,Hybrid,52084,"Tableau, Data Visualisation, Power BI, Pandas, Excel",6
JOB0353,2026-10-01,Financial Analyst,Finance,London,Banking,Entry level,Degree,Hybrid,38656,"Power BI, Excel, Forecasting, SQL, Financial Modelling",5
JOB0354,2026-04-01,Data Scientist,Data,Wales,E-commerce,Mid level,Degree,Hybrid,50175,"SQL, Power BI, Statistics, Pandas",6
JOB0355,2025-10-01,Software Engineer,Technology,Yorkshire & Humber,Insurance,Mid level,Degree,On-site,48802,"Git, APIs, Docker",6
JOB0356,2025-11-01,Project Manager,Business,London,Banking,Senior,Degree,Hybrid,66419,"SQL, Agile, Requirements Analysis, Stakeholder Management, Excel",5
JOB0357,2026-02-01,Data Analyst,Data,South East,Banking,Entry level,Degree,Remote,38733,"Tableau, Python, SQL, Pandas",3
JOB0358,2026-08-01,Cloud Engineer,Technology,South West,Consulting,Senior,Degree,Hybrid,77796,"SQL, Linux, AWS",5
JOB0359,2025-08-01,Data Analyst,Data,Wales,Public Sector,Mid level,Degree,Remote,45056,"Statistics, Data Visualisation, Power BI",4
JOB0360,2026-09-01,Business Analyst,Business,London,Consulting,Mid level,Master's,Remote,56055,"Excel, Requirements Analysis, Agile, Jira, Stakeholder Management",3
JOB0361,2025-12-01,Product Analyst,Data,East of England,SaaS,Senior,Master's,On-site,74006,"Statistics, Data Visualisation, SQL, Power BI",1
JOB0362,2025-06-01,Data Analyst,Data,Wales,E-commerce,Entry level,Degree,Remote,35563,"Tableau, SQL, Data Visualisation",3
JOB0363,2026-08-01,Software Engineer,Technology,East of England,Consulting,Entry level,No degree,Hybrid,45276,"AWS, APIs, SQL, Linux, Cyber Security",5
JOB0364,2026-10-01,BI Analyst,Data,North West,Public Sector,Entry level,Degree,Hybrid,36546,"SQL, Excel, Pandas",5
JOB0365,2026-03-01,Cyber Security Analyst,Technology,South East,Consulting,Entry level,Degree,Hybrid,49677,"SQL, Python, Cyber Security, Docker, AWS",6
JOB0366,2026-08-01,Operations Analyst,Operations,East of England,HealthTech,Mid level,Degree,On-site,49368,"Forecasting, Excel, Process Improvement",8
JOB0367,2026-09-01,Data Scientist,Data,London,Consulting,Mid level,Master's,Hybrid,65645,"Pandas, Power BI, Statistics",6
JOB0368,2026-05-01,Operations Analyst,Operations,North West,FinTech,Mid level,Degree,Hybrid,43581,"Excel, Python, SQL, Process Improvement",5
JOB0369,2025-08-01,Operations Analyst,Operations,North East,Insurance,Entry level,Degree,Hybrid,39709,"Excel, Python, SQL, Forecasting",6
JOB0370,2026-03-01,Operations Analyst,Operations,South East,FinTech,Senior,No degree,Hybrid,67564,"SQL, Python, Excel, Forecasting, Process Improvement",3
JOB0371,2025-12-01,Software Engineer,Technology,North West,E-commerce,Mid level,Degree,On-site,53530,"APIs, Git, AWS, Cyber Security, Linux",2
JOB0372,2026-06-01,Software Engineer,Technology,Yorkshire & Humber,SaaS,Mid level,Master's,Hybrid,58523,"Docker, Linux, SQL",5
JOB0373,2026-06-01,Data Analyst,Data,North West,Consulting,Entry level,Master's,Hybrid,38470,"Tableau, Power BI, Statistics, SQL",7
JOB0374,2025-08-01,Project Manager,Business,West Midlands,FinTech,Entry level,Degree,Hybrid,33488,"Requirements Analysis, Power BI, Jira, Excel",4
JOB0375,2026-02-01,Cyber Security Analyst,Technology,South East,Consulting,Senior,No degree,Hybrid,75494,"Python, AWS, APIs, Git",4
JOB0376,2025-09-01,Data Analyst,Data,West Midlands,Banking,Mid level,Degree,Hybrid,53895,"Pandas, Statistics, Python",7
JOB0377,2025-03-01,Data Analyst,Data,East of England,SaaS,Mid level,Degree,Hybrid,52442,"Pandas, Statistics, Power BI",5
JOB0378,2025-11-01,Cloud Engineer,Technology,East of England,Public Sector,Entry level,Degree,Remote,45072,"Docker, Linux, Git, APIs, AWS",3
JOB0379,2025-04-01,Digital Marketing Analyst,Marketing,South East,HealthTech,Entry level,Degree,On-site,44719,"Google Analytics, Excel, Power BI, A/B Testing, Python",5
JOB0380,2026-11-01,Project Manager,Business,North East,HealthTech,Entry level,No degree,Hybrid,43890,"Excel, Requirements Analysis, Agile",5
JOB0381,2026-04-01,Digital Marketing Analyst,Marketing,North West,Public Sector,Mid level,Degree,On-site,43462,"A/B Testing, Power BI, Excel",4
JOB0382,2025-10-01,Product Analyst,Data,Northern Ireland,FinTech,Entry level,Degree,Hybrid,36991,"Excel, Tableau, Power BI, SQL",6
JOB0383,2026-01-01,Data Analyst,Data,North West,HealthTech,Senior,Degree,Hybrid,65869,"Data Visualisation, SQL, Pandas",7
JOB0384,2025-06-01,Software Engineer,Technology,Scotland,SaaS,Mid level,Master's,Remote,50073,"Linux, Python, APIs",2
JOB0385,2025-10-01,Financial Analyst,Finance,Yorkshire & Humber,Banking,Mid level,Degree,On-site,44986,"Python, SQL, Power BI, Financial Modelling, Forecasting",5
JOB0386,2025-10-01,Business Analyst,Business,South West,SaaS,Senior,No degree,Hybrid,73022,"Power BI, SQL, Excel, Jira, Stakeholder Management",5
JOB0387,2026-10-01,Financial Analyst,Finance,London,Banking,Senior,Degree,Remote,68672,"Power BI, Financial Modelling, Python, Forecasting, Excel",6
JOB0388,2025-03-01,Cyber Security Analyst,Technology,East of England,Consulting,Entry level,Degree,Remote,38364,"SQL, Linux, Docker",5
JOB0389,2026-03-01,Data Scientist,Data,Scotland,Telecoms,Entry level,Master's,Hybrid,48100,"Power BI, Excel, SQL",4
JOB0390,2025-04-01,Software Engineer,Technology,West Midlands,HealthTech,Mid level,Degree,On-site,49285,"Docker, APIs, Linux, SQL",4
JOB0391,2026-07-01,Project Manager,Business,London,E-commerce,Senior,Degree,On-site,77355,"Agile, SQL, Requirements Analysis",5
JOB0392,2026-10-01,BI Analyst,Data,East of England,Public Sector,Entry level,Degree,Remote,43396,"Pandas, SQL, Power BI",3
JOB0393,2025-08-01,Financial Analyst,Finance,London,FinTech,Entry level,Master's,Hybrid,44534,"Forecasting, Financial Modelling, Python, Power BI, Excel",5
JOB0394,2026-07-01,Business Analyst,Business,London,Insurance,Mid level,Degree,On-site,56973,"Requirements Analysis, SQL, Power BI",4
JOB0395,2026-09-01,Software Engineer,Technology,Yorkshire & Humber,HealthTech,Entry level,Master's,Hybrid,49981,"SQL, AWS, APIs",3
JOB0396,2025-09-01,Data Scientist,Data,London,Consulting,Mid level,Degree,Remote,71135,"Excel, Data Visualisation, Tableau, Python, Pandas",4
JOB0397,2026-03-01,Data Analyst,Data,Northern Ireland,Retail,Entry level,Degree,Hybrid,27176,"Power BI, SQL, Pandas, Statistics",6
JOB0398,2026-09-01,Operations Analyst,Operations,Scotland,HealthTech,Entry level,Master's,Hybrid,25721,"Power BI, Forecasting, Process Improvement, SQL",3
JOB0399,2026-02-01,Operations Analyst,Operations,West Midlands,Banking,Mid level,Degree,Hybrid,52485,"Process Improvement, Power BI, Python",5
JOB0400,2026-02-01,Software Engineer,Technology,London,HealthTech,Mid level,No degree,Hybrid,58235,"Docker, SQL, AWS",3
JOB0401,2026-06-01,Business Analyst,Business,South West,SaaS,Entry level,Master's,Hybrid,36081,"Requirements Analysis, Jira, Excel",5
JOB0402,2026-02-01,Operations Analyst,Operations,North West,SaaS,Senior,Master's,Remote,63402,"Forecasting, Power BI, Python, Process Improvement",3
JOB0403,2025-06-01,Software Engineer,Technology,Scotland,SaaS,Mid level,Degree,Hybrid,48636,"Python, Linux, AWS, SQL",4
JOB0404,2025-12-01,Digital Marketing Analyst,Marketing,South West,Retail,Mid level,Degree,Hybrid,40151,"Excel, Python, Power BI, Google Analytics",6
JOB0405,2025-07-01,Cyber Security Analyst,Technology,Scotland,Public Sector,Mid level,Degree,Hybrid,51100,"APIs, Linux, Python",6
JOB0406,2026-09-01,Software Engineer,Technology,East of England,FinTech,Entry level,Degree,Hybrid,39416,"SQL, Git, Python",8
JOB0407,2025-07-01,Product Analyst,Data,London,HealthTech,Mid level,Degree,Hybrid,59912,"Statistics, Python, Power BI",5
JOB0408,2026-01-01,Operations Analyst,Operations,Scotland,Public Sector,Entry level,Master's,Hybrid,31748,"Forecasting, Python, Excel",6
JOB0409,2026-03-01,Product Analyst,Data,Wales,HealthTech,Entry level,Degree,Hybrid,40313,"Power BI, Data Visualisation, SQL, Statistics, Excel",5
JOB0410,2025-03-01,Software Engineer,Technology,London,Retail,Entry level,Degree,Remote,50855,"Linux, Git, SQL, Python, APIs",2
JOB0411,2026-09-01,Digital Marketing Analyst,Marketing,Wales,Telecoms,Entry level,Master's,Hybrid,29816,"Google Analytics, Excel, A/B Testing",4
JOB0412,2026-04-01,Product Analyst,Data,Scotland,FinTech,Mid level,No degree,Remote,53631,"Statistics, Power BI, SQL",1
JOB0413,2026-07-01,Project Manager,Business,London,Insurance,Entry level,No degree,Remote,46437,"Agile, Requirements Analysis, Jira, Power BI, SQL",3
JOB0414,2025-06-01,Operations Analyst,Operations,North West,Consulting,Mid level,No degree,Hybrid,43811,"Power BI, Forecasting, SQL, Process Improvement, Python",6
JOB0415,2025-06-01,Software Engineer,Technology,Yorkshire & Humber,FinTech,Mid level,Degree,Remote,56144,"Python, SQL, AWS",6
JOB0416,2025-04-01,Software Engineer,Technology,North West,SaaS,Entry level,Master's,Remote,28075,"APIs, AWS, Docker, SQL, Git",2
JOB0417,2025-03-01,Operations Analyst,Operations,Northern Ireland,Public Sector,Mid level,Master's,Hybrid,43743,"Power BI, SQL, Forecasting, Python, Process Improvement",3
JOB0418,2026-01-01,Data Analyst,Data,Scotland,SaaS,Mid level,Degree,On-site,48046,"Tableau, Excel, Data Visualisation, Statistics",6
JOB0419,2025-12-01,Project Manager,Business,West Midlands,Banking,Entry level,Master's,Remote,38274,"Power BI, Excel, Requirements Analysis, SQL",4
JOB0420,2026-01-01,Software Engineer,Technology,London,FinTech,Mid level,Degree,Hybrid,69905,"APIs, Git, SQL, Linux, AWS",7
JOB0421,2025-03-01,Software Engineer,Technology,South East,Insurance,Entry level,Degree,Hybrid,40617,"Git, SQL, APIs, Linux, Python",4
JOB0422,2025-11-01,Data Scientist,Data,London,E-commerce,Senior,Degree,Hybrid,83092,"Excel, Pandas, Python, Power BI",7
JOB0423,2025-12-01,Business Analyst,Business,London,Consulting,Mid level,Degree,Hybrid,60637,"Stakeholder Management, Excel, Power BI",6
JOB0424,2025-10-01,Data Scientist,Data,Scotland,Telecoms,Senior,Degree,Hybrid,77135,"Statistics, Data Visualisation, Tableau",7
JOB0425,2025-05-01,Project Manager,Business,London,Public Sector,Senior,Degree,Hybrid,75589,"Power BI, Agile, Jira, Excel, Stakeholder Management",6
JOB0426,2026-02-01,Operations Analyst,Operations,London,Banking,Mid level,Degree,Hybrid,50204,"Python, Process Improvement, Forecasting, Power BI",4
JOB0427,2026-06-01,Project Manager,Business,South East,Retail,Mid level,Degree,Remote,53655,"Agile, Requirements Analysis, Excel, Jira, Stakeholder Management",4
JOB0428,2026-08-01,Software Engineer,Technology,North West,FinTech,Senior,Master's,Remote,70925,"Python, Git, Cyber Security",4
JOB0429,2026-08-01,Cyber Security Analyst,Technology,East of England,Consulting,Entry level,Degree,Remote,43879,"Linux, Docker, AWS, APIs",4
JOB0430,2025-08-01,Data Scientist,Data,Scotland,Retail,Entry level,Degree,Remote,38538,"Data Visualisation, Statistics, Pandas, Power BI",4
JOB0431,2026-03-01,Financial Analyst,Finance,West Midlands,Consulting,Mid level,Master's,Hybrid,55454,"SQL, Financial Modelling, Excel, Python, Forecasting",7
JOB0432,2025-02-01,BI Analyst,Data,Scotland,Banking,Senior,Master's,Hybrid,67930,"SQL, Tableau, Power BI",9
JOB0433,2026-01-01,Product Analyst,Data,London,Insurance,Entry level,Degree,Remote,53370,"Tableau, Statistics, Pandas, Power BI, SQL",3
JOB0434,2025-07-01,Data Analyst,Data,South West,Telecoms,Entry level,Degree,Hybrid,35618,"Pandas, Statistics, Excel",5
JOB0435,2026-07-01,Software Engineer,Technology,East of England,SaaS,Entry level,Master's,On-site,42608,"Python, Docker, Linux, AWS",4
JOB0436,2025-03-01,Data Analyst,Data,London,Insurance,Entry level,Degree,Remote,45758,"Data Visualisation, Excel, Power BI, Pandas, SQL",3
JOB0437,2025-01-01,Data Scientist,Data,London,HealthTech,Senior,Degree,Hybrid,79194,"Python, Statistics, Power BI",4
JOB0438,2026-11-01,Cloud Engineer,Technology,London,HealthTech,Entry level,Degree,Hybrid,54648,"Python, Docker, Git",5
JOB0439,2025-11-01,Data Analyst,Data,North West,SaaS,Mid level,No degree,Hybrid,51347,"Power BI, Tableau, Python",6
JOB0440,2026-03-01,Operations Analyst,Operations,North East,Banking,Entry level,Degree,Remote,30033,"SQL, Python, Forecasting",4
JOB0441,2025-05-01,Digital Marketing Analyst,Marketing,London,SaaS,Entry level,Degree,Remote,36373,"Google Analytics, SQL, Excel, Python",2
JOB0442,2026-09-01,Data Scientist,Data,North West,Banking,Mid level,Degree,Hybrid,60072,"SQL, Pandas, Power BI",5
JOB0443,2026-06-01,Data Analyst,Data,North West,E-commerce,Mid level,Master's,Remote,52337,"Statistics, Tableau, Pandas",2
JOB0444,2025-08-01,Software Engineer,Technology,London,Public Sector,Mid level,Degree,Hybrid,56613,"Python, Docker, SQL, AWS, Cyber Security",6
JOB0445,2026-07-01,Financial Analyst,Finance,Northern Ireland,Banking,Mid level,Degree,Hybrid,33888,"SQL, Python, Power BI, Forecasting",4
JOB0446,2025-01-01,BI Analyst,Data,Scotland,Consulting,Mid level,Degree,Remote,50660,"Tableau, Power BI, Pandas, Excel, Python",3
JOB0447,2025-02-01,Software Engineer,Technology,Scotland,Retail,Entry level,Degree,On-site,45045,"Cyber Security, SQL, APIs, Python",2
JOB0448,2026-10-01,Cloud Engineer,Technology,London,Consulting,Mid level,Degree,Remote,65446,"Docker, Git, AWS",4
JOB0449,2025-04-01,BI Analyst,Data,London,Banking,Mid level,Degree,Hybrid,70285,"Excel, Power BI, Data Visualisation",6
JOB0450,2026-12-01,Data Analyst,Data,East of England,FinTech,Mid level,Master's,Hybrid,44409,"SQL, Python, Pandas, Excel",8
JOB0451,2026-08-01,Software Engineer,Technology,South East,Consulting,Senior,No degree,Remote,84178,"SQL, Linux, Python",1
JOB0452,2025-12-01,Financial Analyst,Finance,East of England,SaaS,Senior,Degree,Remote,67098,"Excel, Power BI, Financial Modelling",2
JOB0453,2025-11-01,Data Analyst,Data,Yorkshire & Humber,FinTech,Entry level,Master's,Remote,34340,"Pandas, Tableau, SQL",5
JOB0454,2026-04-01,Digital Marketing Analyst,Marketing,Yorkshire & Humber,Retail,Senior,No degree,On-site,68243,"SQL, Python, A/B Testing",3
JOB0455,2025-11-01,BI Analyst,Data,London,Consulting,Mid level,Degree,Remote,70516,"SQL, Power BI, Statistics, Python, Excel",5
JOB0456,2025-07-01,Cyber Security Analyst,Technology,North West,SaaS,Entry level,Degree,On-site,29341,"AWS, SQL, Docker",3
JOB0457,2026-09-01,Cyber Security Analyst,Technology,North East,Insurance,Mid level,Degree,Remote,54651,"AWS, Cyber Security, SQL, Git",5
JOB0458,2026-10-01,Product Analyst,Data,North East,HealthTech,Mid level,Degree,Remote,46494,"Excel, Python, Data Visualisation, Pandas, Power BI",5
JOB0459,2026-04-01,Product Analyst,Data,West Midlands,FinTech,Entry level,Master's,Hybrid,44143,"Statistics, SQL, Python, Power BI",6
JOB0460,2025-04-01,Data Scientist,Data,Wales,Consulting,Entry level,Degree,Remote,39263,"Power BI, Pandas, SQL, Statistics, Data Visualisation",4
JOB0461,2025-12-01,Product Analyst,Data,South East,FinTech,Entry level,Degree,Remote,41559,"Statistics, Power BI, Data Visualisation, Excel, Python",3
JOB0462,2025-11-01,Financial Analyst,Finance,North East,SaaS,Entry level,Degree,Hybrid,31528,"Power BI, Python, Forecasting",5
JOB0463,2026-05-01,Business Analyst,Business,Wales,Banking,Mid level,Degree,Hybrid,45229,"Agile, Jira, Stakeholder Management, SQL, Excel",5
JOB0464,2025-03-01,Cyber Security Analyst,Technology,London,Telecoms,Senior,Degree,Hybrid,84090,"Linux, APIs, Cyber Security, SQL",7
JOB0465,2025-02-01,Financial Analyst,Finance,East of England,E-commerce,Mid level,Master's,Hybrid,58174,"SQL, Python, Forecasting",6
JOB0466,2025-10-01,Data Scientist,Data,Yorkshire & Humber,SaaS,Mid level,Degree,Hybrid,65536,"Power BI, Tableau, Statistics, Python, Excel",4
JOB0467,2026-05-01,Data Analyst,Data,Scotland,Retail,Mid level,Degree,Hybrid,46572,"Power BI, Tableau, Pandas, Statistics, Python",5
JOB0468,2025-08-01,Operations Analyst,Operations,South East,Telecoms,Mid level,Master's,Hybrid,49906,"Python, Process Improvement, Forecasting, SQL, Power BI",6
JOB0469,2026-07-01,Data Analyst,Data,South West,E-commerce,Entry level,Degree,Hybrid,35708,"Statistics, SQL, Python, Data Visualisation, Power BI",6
JOB0470,2025-04-01,Operations Analyst,Operations,East of England,Telecoms,Entry level,Degree,Hybrid,36912,"Python, Process Improvement, SQL, Power BI, Excel",5
JOB0471,2026-11-01,Cyber Security Analyst,Technology,London,Insurance,Entry level,Degree,Hybrid,48788,"SQL, Docker, Python, APIs, Cyber Security",4
JOB0472,2025-03-01,BI Analyst,Data,Yorkshire & Humber,Insurance,Entry level,Master's,Hybrid,34048,"Excel, Python, Power BI, Statistics, Data Visualisation",4
JOB0473,2026-06-01,Software Engineer,Technology,London,SaaS,Senior,Degree,Remote,81632,"APIs, Git, Docker, Cyber Security",5
JOB0474,2026-11-01,Cyber Security Analyst,Technology,Yorkshire & Humber,FinTech,Senior,No degree,Remote,77982,"Git, Cyber Security, SQL, AWS",4
JOB0475,2026-07-01,Financial Analyst,Finance,East of England,FinTech,Senior,No degree,Hybrid,68057,"SQL, Forecasting, Excel",3
JOB0476,2025-03-01,Data Scientist,Data,London,Retail,Mid level,Degree,On-site,66848,"Python, SQL, Power BI",3
JOB0477,2025-01-01,Operations Analyst,Operations,London,Banking,Entry level,Master's,Hybrid,39230,"Python, Forecasting, SQL",3
JOB0478,2026-04-01,Digital Marketing Analyst,Marketing,North West,Consulting,Mid level,Degree,Remote,48657,"Python, Power BI, SQL, Google Analytics, A/B Testing",5
JOB0479,2025-01-01,Cloud Engineer,Technology,London,Public Sector,Entry level,Degree,Hybrid,49638,"SQL, Docker, Cyber Security",8
JOB0480,2026-06-01,Product Analyst,Data,North East,Banking,Mid level,Degree,Hybrid,49649,"Power BI, Tableau, Statistics, Data Visualisation, SQL",6
JOB0481,2025-09-01,Software Engineer,Technology,West Midlands,Insurance,Mid level,Master's,Hybrid,55689,"APIs, Git, Python, Docker",5
JOB0482,2026-03-01,Software Engineer,Technology,South West,Retail,Senior,Degree,Hybrid,76846,"Docker, Python, APIs, Cyber Security",5
JOB0483,2025-02-01,Financial Analyst,Finance,West Midlands,SaaS,Entry level,Degree,On-site,28557,"Power BI, Forecasting, Financial Modelling",3
JOB0484,2025-10-01,Business Analyst,Business,Wales,HealthTech,Entry level,Degree,Remote,24000,"Requirements Analysis, SQL, Stakeholder Management, Jira, Power BI",3
JOB0485,2025-02-01,Software Engineer,Technology,East of England,FinTech,Entry level,Degree,Remote,46039,"Git, Docker, Cyber Security, AWS",3
JOB0486,2025-08-01,Product Analyst,Data,Scotland,Public Sector,Entry level,Degree,Hybrid,38581,"Python, Excel, Statistics",7
JOB0487,2025-09-01,Data Scientist,Data,Scotland,Telecoms,Senior,Degree,Hybrid,75207,"Data Visualisation, Statistics, Pandas, Excel, SQL",7
JOB0488,2026-10-01,Cyber Security Analyst,Technology,Scotland,SaaS,Entry level,Degree,Remote,32606,"Docker, Python, Git, APIs",4
JOB0489,2025-03-01,Software Engineer,Technology,North West,HealthTech,Entry level,Master's,Hybrid,37754,"Git, SQL, Docker, Linux",7
JOB0490,2025-08-01,Business Analyst,Business,West Midlands,Telecoms,Entry level,Degree,Remote,36427,"SQL, Excel, Agile, Jira",4
JOB0491,2026-07-01,Data Scientist,Data,South East,Telecoms,Entry level,Degree,Hybrid,41190,"Python, Pandas, Data Visualisation, Statistics",5
JOB0492,2025-03-01,BI Analyst,Data,West Midlands,Consulting,Entry level,Master's,Remote,51443,"Excel, Python, SQL, Power BI, Pandas",1
JOB0493,2025-03-01,Product Analyst,Data,Northern Ireland,Retail,Senior,Master's,On-site,79960,"Python, Tableau, Data Visualisation, SQL, Power BI",5
JOB0494,2025-06-01,Business Analyst,Business,South East,HealthTech,Entry level,Degree,Hybrid,38635,"Jira, Power BI, Agile",6
JOB0495,2025-08-01,Data Analyst,Data,North West,HealthTech,Mid level,Master's,Hybrid,57885,"Excel, SQL, Python, Tableau",4
JOB0496,2026-06-01,Data Analyst,Data,North West,HealthTech,Entry level,Master's,On-site,34093,"Tableau, Excel, Power BI, SQL, Pandas",1
JOB0497,2026-09-01,Business Analyst,Business,London,HealthTech,Entry level,No degree,Hybrid,35002,"SQL, Agile, Stakeholder Management, Jira",8
JOB0498,2026-08-01,Project Manager,Business,North West,E-commerce,Mid level,Master's,Remote,52388,"Power BI, Excel, SQL, Requirements Analysis, Agile",3
JOB0499,2026-05-01,Business Analyst,Business,South East,Public Sector,Senior,Degree,On-site,80506,"Agile, Stakeholder Management, SQL",5
JOB0500,2026-12-01,Data Scientist,Data,Yorkshire & Humber,Insurance,Mid level,Degree,Remote,52548,"Tableau, Statistics, Pandas, Data Visualisation",4
JOB0501,2025-04-01,Product Analyst,Data,Yorkshire & Humber,HealthTech,Mid level,Degree,Hybrid,46447,"Pandas, SQL, Excel, Data Visualisation",4
JOB0502,2026-06-01,BI Analyst,Data,West Midlands,Insurance,Entry level,Degree,Hybrid,29390,"Data Visualisation, SQL, Excel, Pandas, Statistics",6
JOB0503,2026-12-01,Operations Analyst,Operations,North East,Consulting,Entry level,Master's,Hybrid,24589,"Forecasting, Excel, Power BI, Python",5
JOB0504,2026-01-01,Project Manager,Business,Scotland,Banking,Mid level,Degree,On-site,35933,"Jira, Stakeholder Management, SQL, Excel, Power BI",3
JOB0505,2025-10-01,Data Analyst,Data,West Midlands,SaaS,Entry level,No degree,Hybrid,32153,"Tableau, Excel, Data Visualisation, Statistics, Power BI",7
JOB0506,2026-08-01,BI Analyst,Data,North West,Consulting,Entry level,Degree,On-site,32461,"Power BI, Pandas, SQL",3
JOB0507,2025-10-01,Project Manager,Business,Wales,HealthTech,Senior,Master's,Hybrid,71081,"Jira, Excel, Requirements Analysis",5
JOB0508,2025-02-01,Operations Analyst,Operations,London,Consulting,Entry level,Degree,Hybrid,31616,"Python, Power BI, Process Improvement, Excel",4
JOB0509,2026-01-01,Data Scientist,Data,London,SaaS,Entry level,Master's,Remote,43401,"Pandas, Tableau, Python, Statistics, Power BI",3
JOB0510,2025-10-01,Operations Analyst,Operations,London,Consulting,Senior,Master's,Remote,67357,"Power BI, Process Improvement, Forecasting, SQL, Python",3
JOB0511,2025-07-01,Cloud Engineer,Technology,Yorkshire & Humber,SaaS,Mid level,Degree,Hybrid,46176,"Cyber Security, Python, Git, AWS",4
JOB0512,2025-11-01,Data Scientist,Data,London,SaaS,Mid level,Degree,Hybrid,64544,"Tableau, Power BI, Statistics",8
JOB0513,2025-06-01,Financial Analyst,Finance,East of England,Insurance,Entry level,No degree,On-site,45104,"Financial Modelling, Python, SQL",3
JOB0514,2025-12-01,Business Analyst,Business,East of England,E-commerce,Entry level,Master's,Hybrid,47977,"Requirements Analysis, Agile, Excel",4
JOB0515,2025-08-01,Cloud Engineer,Technology,Yorkshire & Humber,Insurance,Entry level,Master's,Remote,39913,"Python, Docker, Linux, APIs",4
JOB0516,2025-01-01,Business Analyst,Business,North West,SaaS,Mid level,Degree,Remote,44854,"Jira, Requirements Analysis, SQL, Power BI, Stakeholder Management",5
JOB0517,2025-11-01,Data Analyst,Data,London,FinTech,Senior,No degree,Hybrid,72814,"Data Visualisation, Excel, Tableau",4
JOB0518,2026-05-01,Software Engineer,Technology,London,Insurance,Mid level,Degree,Hybrid,70128,"Linux, APIs, SQL, AWS",7
JOB0519,2025-02-01,Data Analyst,Data,Northern Ireland,E-commerce,Mid level,Degree,Hybrid,46508,"Excel, Data Visualisation, Tableau",7
JOB0520,2025-11-01,Financial Analyst,Finance,Yorkshire & Humber,Consulting,Entry level,Degree,Hybrid,31661,"Financial Modelling, Forecasting, Excel",4
JOB0521,2026-07-01,Software Engineer,Technology,London,HealthTech,Senior,Degree,Hybrid,71568,"Linux, Docker, APIs",8
JOB0522,2025-01-01,Financial Analyst,Finance,Scotland,SaaS,Mid level,No degree,On-site,49230,"Financial Modelling, Forecasting, Python",4
JOB0523,2025-12-01,Cyber Security Analyst,Technology,South West,Public Sector,Mid level,Degree,On-site,57274,"Linux, Cyber Security, SQL, Git, Python",6
JOB0524,2026-01-01,Data Scientist,Data,Yorkshire & Humber,Consulting,Mid level,Degree,Remote,46688,"Data Visualisation, Tableau, Python, Pandas",5
JOB0525,2026-08-01,BI Analyst,Data,London,FinTech,Entry level,Degree,Remote,47569,"Pandas, Power BI, Statistics",7
JOB0526,2025-05-01,BI Analyst,Data,East of England,HealthTech,Entry level,Master's,Hybrid,39451,"Power BI, Excel, SQL, Python",6
JOB0527,2026-08-01,Software Engineer,Technology,London,Retail,Entry level,Degree,On-site,52615,"Python, Git, SQL, AWS, Linux",5
JOB0528,2025-04-01,Digital Marketing Analyst,Marketing,North West,SaaS,Mid level,Degree,On-site,46357,"A/B Testing, Excel, SQL, Power BI",4
JOB0529,2025-03-01,Business Analyst,Business,London,Public Sector,Entry level,No degree,Hybrid,43909,"Agile, SQL, Excel, Stakeholder Management",7
JOB0530,2025-12-01,Data Analyst,Data,London,SaaS,Mid level,No degree,On-site,52170,"Power BI, Statistics, Python",2
JOB0531,2026-04-01,Operations Analyst,Operations,East of England,FinTech,Entry level,Degree,Hybrid,30518,"Excel, Power BI, SQL, Python, Process Improvement",5
JOB0532,2025-11-01,Data Analyst,Data,London,Retail,Mid level,Master's,On-site,52686,"SQL, Power BI, Statistics, Pandas",3
JOB0533,2026-08-01,Data Analyst,Data,North East,Retail,Mid level,Degree,Hybrid,52844,"Data Visualisation, Excel, Statistics, Python, Tableau",6
JOB0534,2025-12-01,Data Analyst,Data,London,Telecoms,Entry level,Degree,Remote,37782,"Power BI, Excel, SQL",5
JOB0535,2025-11-01,Data Analyst,Data,East of England,Public Sector,Entry level,Degree,Hybrid,39400,"Pandas, Tableau, Data Visualisation, Statistics, Excel",6
JOB0536,2026-06-01,Cyber Security Analyst,Technology,London,Banking,Entry level,Degree,Remote,50531,"APIs, Cyber Security, Docker, Git, AWS",3
JOB0537,2026-11-01,Digital Marketing Analyst,Marketing,North East,HealthTech,Entry level,Degree,Hybrid,38469,"Power BI, Excel, Python, A/B Testing, Google Analytics",6
JOB0538,2025-05-01,Software Engineer,Technology,South West,FinTech,Mid level,No degree,Hybrid,50706,"SQL, AWS, Docker, Git, Python",6
JOB0539,2025-12-01,Digital Marketing Analyst,Marketing,Yorkshire & Humber,Banking,Entry level,Degree,Remote,30913,"Power BI, Python, Google Analytics",7
JOB0540,2026-07-01,Product Analyst,Data,West Midlands,FinTech,Entry level,Master's,Remote,52217,"Data Visualisation, Tableau, Excel, Pandas",3
JOB0541,2026-10-01,Business Analyst,Business,London,FinTech,Mid level,Master's,Hybrid,46784,"Stakeholder Management, SQL, Excel",6
JOB0542,2025-07-01,Business Analyst,Business,South East,FinTech,Senior,Degree,Remote,75693,"Agile, Stakeholder Management, Requirements Analysis, SQL, Power BI",5
JOB0543,2025-07-01,Financial Analyst,Finance,South West,Insurance,Entry level,Degree,On-site,31508,"Forecasting, Power BI, Python, Excel, Financial Modelling",2
JOB0544,2026-03-01,Product Analyst,Data,South West,Telecoms,Senior,Master's,On-site,63289,"Python, Pandas, Data Visualisation",1
JOB0545,2026-10-01,Data Analyst,Data,South East,Banking,Entry level,Master's,Hybrid,36297,"Pandas, Power BI, SQL, Python, Tableau",8
JOB0546,2025-03-01,Data Scientist,Data,Yorkshire & Humber,FinTech,Entry level,Degree,On-site,40245,"Excel, SQL, Pandas, Statistics, Python",6
JOB0547,2025-05-01,Software Engineer,Technology,East of England,Banking,Senior,Degree,Remote,79640,"Docker, SQL, Git, Cyber Security, AWS",2
JOB0548,2026-02-01,Operations Analyst,Operations,South West,Telecoms,Entry level,Master's,Hybrid,34161,"Python, Excel, Power BI, Process Improvement, SQL",5
JOB0549,2025-12-01,Operations Analyst,Operations,South East,Insurance,Mid level,Master's,Hybrid,48152,"Process Improvement, SQL, Forecasting",4
JOB0550,2025-05-01,Data Analyst,Data,London,Public Sector,Mid level,Master's,Remote,54022,"Tableau, Excel, SQL",3
JOB0551,2025-07-01,Project Manager,Business,South East,SaaS,Mid level,Degree,On-site,55360,"Requirements Analysis, Stakeholder Management, Power BI",8
JOB0552,2026-04-01,Cloud Engineer,Technology,London,Retail,Senior,Degree,Remote,79949,"Python, Git, Cyber Security, Docker",4
JOB0553,2026-12-01,Cloud Engineer,Technology,London,Banking,Mid level,Degree,Hybrid,62768,"Cyber Security, AWS, Linux, Python",6
JOB0554,2025-01-01,Project Manager,Business,East of England,Insurance,Entry level,Degree,Hybrid,48953,"Power BI, Requirements Analysis, Stakeholder Management, Agile",4
JOB0555,2026-11-01,Software Engineer,Technology,Wales,Retail,Entry level,Degree,Hybrid,37323,"APIs, Docker, Cyber Security, Git",7
JOB0556,2026-04-01,Data Analyst,Data,East of England,Insurance,Mid level,Degree,Remote,50288,"Python, Tableau, Pandas, Excel, Power BI",6
JOB0557,2026-09-01,Digital Marketing Analyst,Marketing,London,FinTech,Entry level,Degree,Hybrid,42992,"Power BI, Google Analytics, Python, SQL",8
JOB0558,2025-11-01,Data Analyst,Data,London,E-commerce,Senior,Master's,Hybrid,87870,"SQL, Power BI, Tableau",5
JOB0559,2026-12-01,Software Engineer,Technology,North East,Banking,Mid level,Master's,Hybrid,56183,"Docker, Git, Python",5
JOB0560,2026-10-01,Digital Marketing Analyst,Marketing,South East,HealthTech,Entry level,Degree,Remote,32267,"Excel, Power BI, Python, A/B Testing",3
JOB0561,2026-02-01,Business Analyst,Business,North West,Banking,Mid level,Degree,Hybrid,47459,"SQL, Stakeholder Management, Power BI",6
JOB0562,2025-10-01,Data Scientist,Data,Northern Ireland,Public Sector,Entry level,Master's,Hybrid,45727,"Pandas, Data Visualisation, Excel, Tableau, Python",4
JOB0563,2026-06-01,Financial Analyst,Finance,Yorkshire & Humber,SaaS,Entry level,No degree,Hybrid,30978,"Excel, Forecasting, Power BI",4
JOB0564,2025-01-01,Financial Analyst,Finance,West Midlands,Insurance,Senior,Degree,Hybrid,63180,"Forecasting, Excel, SQL",6
JOB0565,2026-10-01,Business Analyst,Business,West Midlands,FinTech,Mid level,Degree,Hybrid,46284,"Requirements Analysis, Agile, Stakeholder Management",5
JOB0566,2026-01-01,BI Analyst,Data,London,HealthTech,Mid level,Master's,On-site,60358,"Statistics, Python, Data Visualisation, SQL, Excel",2
JOB0567,2026-05-01,Financial Analyst,Finance,North West,FinTech,Mid level,No degree,Hybrid,48001,"Power BI, Financial Modelling, Python",5
JOB0568,2025-10-01,Product Analyst,Data,South West,Consulting,Mid level,No degree,Hybrid,57666,"Power BI, Python, SQL, Excel",8
JOB0569,2026-11-01,Operations Analyst,Operations,East of England,FinTech,Mid level,Degree,Remote,55787,"Forecasting, Excel, Process Improvement, SQL",4
JOB0570,2026-07-01,Data Analyst,Data,London,HealthTech,Mid level,Degree,Hybrid,50359,"Data Visualisation, Tableau, Python",7
JOB0571,2026-05-01,Operations Analyst,Operations,East of England,HealthTech,Entry level,No degree,Remote,35734,"Process Improvement, Excel, Python, Forecasting",2
JOB0572,2025-12-01,Operations Analyst,Operations,London,FinTech,Entry level,Master's,Remote,46823,"Power BI, Python, Process Improvement",1
JOB0573,2026-05-01,Product Analyst,Data,London,Insurance,Mid level,Degree,Remote,53362,"Pandas, Excel, Tableau, Power BI, Statistics",6
JOB0574,2025-07-01,Operations Analyst,Operations,North West,Consulting,Senior,Degree,On-site,59718,"Forecasting, Power BI, Excel",3
JOB0575,2026-08-01,Operations Analyst,Operations,West Midlands,Telecoms,Senior,Degree,Hybrid,59365,"Process Improvement, Python, SQL, Excel, Power BI",7
JOB0576,2026-04-01,Data Scientist,Data,Yorkshire & Humber,Retail,Mid level,Degree,Remote,52953,"Python, SQL, Pandas",5
JOB0577,2025-11-01,Product Analyst,Data,North West,FinTech,Entry level,Degree,Hybrid,25377,"Tableau, Python, Power BI",6
JOB0578,2025-06-01,Cloud Engineer,Technology,East of England,E-commerce,Senior,Degree,Remote,74863,"SQL, Git, Cyber Security, APIs, AWS",5
JOB0579,2026-04-01,Financial Analyst,Finance,Wales,Telecoms,Mid level,Degree,Hybrid,51845,"Power BI, Forecasting, Excel, Python, Financial Modelling",6
JOB0580,2026-01-01,Cyber Security Analyst,Technology,Northern Ireland,Consulting,Mid level,Degree,Hybrid,42381,"APIs, Docker, SQL, Linux, AWS",6
JOB0581,2026-09-01,Cyber Security Analyst,Technology,London,Telecoms,Entry level,Degree,Hybrid,45106,"APIs, Python, Docker, Linux, AWS",5
JOB0582,2026-11-01,Project Manager,Business,Yorkshire & Humber,E-commerce,Mid level,Degree,Hybrid,42460,"Requirements Analysis, SQL, Agile, Jira, Power BI",4
JOB0583,2025-09-01,Operations Analyst,Operations,North West,HealthTech,Entry level,Degree,Remote,28208,"Process Improvement, Power BI, Python, SQL",5
JOB0584,2025-02-01,Product Analyst,Data,South West,Retail,Senior,Master's,Hybrid,75101,"Pandas, Power BI, Python, Statistics",4
JOB0585,2025-04-01,Software Engineer,Technology,North West,Public Sector,Mid level,Degree,Hybrid,44331,"Linux, AWS, Git, Cyber Security, SQL",7
JOB0586,2026-11-01,Software Engineer,Technology,East of England,HealthTech,Mid level,Degree,Hybrid,58535,"Linux, Docker, Git, APIs",8
JOB0587,2026-09-01,Digital Marketing Analyst,Marketing,North West,HealthTech,Mid level,Degree,Hybrid,44123,"SQL, Google Analytics, Power BI",7
JOB0588,2026-09-01,Cloud Engineer,Technology,North West,FinTech,Senior,Degree,On-site,76335,"Git, APIs, AWS, SQL, Linux",5
JOB0589,2026-06-01,Software Engineer,Technology,East of England,FinTech,Entry level,Degree,On-site,49851,"Linux, Cyber Security, APIs, Git",6
JOB0590,2026-08-01,Project Manager,Business,South East,Telecoms,Senior,Degree,Hybrid,74671,"Jira, SQL, Excel, Power BI, Stakeholder Management",6
JOB0591,2025-01-01,Operations Analyst,Operations,West Midlands,FinTech,Mid level,Degree,Hybrid,29067,"Process Improvement, Python, Power BI, SQL, Excel",5
JOB0592,2026-07-01,Software Engineer,Technology,London,SaaS,Mid level,Master's,Remote,59755,"SQL, Git, Cyber Security",2
JOB0593,2026-12-01,Cloud Engineer,Technology,South West,Consulting,Mid level,No degree,On-site,64471,"Docker, Linux, AWS",4
JOB0594,2025-02-01,Software Engineer,Technology,Yorkshire & Humber,Banking,Senior,Degree,Hybrid,70918,"Git, APIs, Python, Linux",6
JOB0595,2026-08-01,Project Manager,Business,South West,E-commerce,Mid level,Degree,Remote,48825,"Requirements Analysis, Jira, SQL, Excel",3
JOB0596,2026-04-01,Cyber Security Analyst,Technology,Yorkshire & Humber,HealthTech,Entry level,Master's,Remote,33965,"APIs, AWS, Linux, Cyber Security",2
JOB0597,2025-01-01,Operations Analyst,Operations,Wales,Public Sector,Entry level,Degree,Hybrid,28071,"Python, Process Improvement, Power BI, Forecasting",7
JOB0598,2025-08-01,Product Analyst,Data,London,Public Sector,Mid level,Degree,Remote,63219,"Statistics, Pandas, Excel, Power BI, Python",5
JOB0599,2026-06-01,Business Analyst,Business,London,Insurance,Entry level,No degree,On-site,50535,"Power BI, Stakeholder Management, SQL, Excel, Agile",2
JOB0600,2026-09-01,Digital Marketing Analyst,Marketing,West Midlands,Banking,Entry level,Degree,On-site,31827,"SQL, Python, Google Analytics",3
JOB0601,2025-11-01,Software Engineer,Technology,North West,HealthTech,Mid level,Master's,Remote,52425,"Python, Linux, Git, AWS",2
JOB0602,2025-03-01,Operations Analyst,Operations,North West,SaaS,Mid level,Degree,Remote,54388,"Forecasting, Python, Power BI, Excel",6
JOB0603,2025-08-01,BI Analyst,Data,Scotland,Retail,Senior,Master's,Hybrid,70917,"Excel, SQL, Tableau, Power BI, Statistics",3
JOB0604,2025-06-01,Cloud Engineer,Technology,South West,HealthTech,Senior,Degree,Hybrid,68104,"Linux, Git, Cyber Security",6
JOB0605,2025-11-01,Operations Analyst,Operations,North West,Telecoms,Entry level,Degree,On-site,32931,"Power BI, SQL, Python, Process Improvement",3
JOB0606,2025-04-01,Software Engineer,Technology,South East,FinTech,Entry level,Master's,Hybrid,46234,"SQL, Python, AWS, Docker",5
JOB0607,2025-01-01,Data Analyst,Data,North East,HealthTech,Senior,Master's,Hybrid,67565,"SQL, Excel, Power BI, Statistics, Pandas",5
JOB0608,2025-10-01,Cyber Security Analyst,Technology,Scotland,Insurance,Entry level,Degree,Hybrid,43378,"Python, Git, AWS",4
JOB0609,2026-01-01,Business Analyst,Business,Scotland,Banking,Mid level,Master's,Remote,52985,"Excel, Power BI, Jira, Agile, Stakeholder Management",4
JOB0610,2026-08-01,Operations Analyst,Operations,West Midlands,SaaS,Entry level,Degree,Remote,38616,"Process Improvement, Power BI, SQL",5
JOB0611,2026-03-01,BI Analyst,Data,West Midlands,Telecoms,Senior,Degree,Hybrid,66661,"Data Visualisation, Python, Excel, Power BI, Pandas",5
JOB0612,2026-03-01,Cloud Engineer,Technology,Scotland,Retail,Mid level,Master's,Hybrid,56809,"APIs, SQL, Docker, Linux",3
JOB0613,2025-07-01,Operations Analyst,Operations,London,E-commerce,Entry level,Degree,Hybrid,49268,"Process Improvement, Forecasting, SQL",8
JOB0614,2026-09-01,Project Manager,Business,Yorkshire & Humber,Retail,Mid level,Degree,Remote,44335,"Requirements Analysis, Power BI, Agile, SQL, Stakeholder Management",5
JOB0615,2026-01-01,Financial Analyst,Finance,Scotland,Public Sector,Mid level,No degree,Remote,42627,"Power BI, Forecasting, Excel, Financial Modelling",2
JOB0616,2025-12-01,Software Engineer,Technology,West Midlands,SaaS,Entry level,Master's,Hybrid,49012,"APIs, Git, Docker",3
JOB0617,2026-08-01,Digital Marketing Analyst,Marketing,East of England,Retail,Entry level,Master's,Remote,28125,"SQL, A/B Testing, Excel, Power BI",4
JOB0618,2026-05-01,Project Manager,Business,South East,Public Sector,Entry level,Degree,Remote,31851,"Jira, Power BI, Excel, Agile",3
JOB0619,2026-08-01,Operations Analyst,Operations,North West,Insurance,Entry level,Master's,Hybrid,34084,"Power BI, SQL, Python",5
JOB0620,2025-01-01,Product Analyst,Data,London,HealthTech,Mid level,Degree,Hybrid,58549,"SQL, Power BI, Data Visualisation, Python",5
JOB0621,2026-03-01,Financial Analyst,Finance,South East,Banking,Mid level,Degree,Hybrid,59177,"Financial Modelling, Forecasting, SQL, Excel, Power BI",6
JOB0622,2025-11-01,Data Scientist,Data,Northern Ireland,HealthTech,Senior,Degree,Remote,73804,"Power BI, Pandas, Data Visualisation, SQL",4
JOB0623,2025-05-01,Financial Analyst,Finance,Scotland,Retail,Mid level,Master's,Remote,39018,"Financial Modelling, Power BI, SQL",1
JOB0624,2026-02-01,Project Manager,Business,South East,Banking,Entry level,Master's,Hybrid,40353,"Stakeholder Management, Excel, Requirements Analysis",4
JOB0625,2026-05-01,Business Analyst,Business,London,FinTech,Entry level,Degree,Hybrid,52684,"Requirements Analysis, Power BI, Excel, Stakeholder Management",6
JOB0626,2026-03-01,Project Manager,Business,Yorkshire & Humber,Banking,Entry level,Degree,Hybrid,34235,"Excel, Agile, Stakeholder Management",9
JOB0627,2026-06-01,Business Analyst,Business,South East,E-commerce,Entry level,Degree,Hybrid,38929,"Agile, Excel, SQL, Stakeholder Management",5
JOB0628,2026-05-01,Financial Analyst,Finance,London,E-commerce,Mid level,Degree,Hybrid,51220,"Excel, Financial Modelling, Forecasting, Power BI, Python",5
JOB0629,2026-10-01,Data Scientist,Data,South East,Banking,Entry level,Degree,Hybrid,40807,"Tableau, Pandas, SQL, Statistics",7
JOB0630,2025-02-01,Data Analyst,Data,North East,Retail,Mid level,Master's,Remote,41142,"Statistics, Python, Excel",2
JOB0631,2025-02-01,Operations Analyst,Operations,South East,HealthTech,Mid level,Degree,Remote,43561,"Process Improvement, Forecasting, Python, Power BI",5
JOB0632,2026-06-01,Product Analyst,Data,London,FinTech,Entry level,Degree,Hybrid,49971,"Excel, SQL, Statistics",12
JOB0633,2025-03-01,Digital Marketing Analyst,Marketing,Scotland,E-commerce,Mid level,No degree,Hybrid,44269,"Power BI, Google Analytics, Python, A/B Testing",6
JOB0634,2026-02-01,BI Analyst,Data,London,Consulting,Mid level,Degree,Hybrid,67231,"SQL, Pandas, Statistics, Tableau",5
JOB0635,2025-05-01,Project Manager,Business,North West,Consulting,Senior,Degree,Remote,71746,"Excel, Requirements Analysis, Jira, Stakeholder Management, SQL",5
JOB0636,2026-01-01,Business Analyst,Business,East of England,SaaS,Senior,Degree,Hybrid,68475,"Stakeholder Management, Jira, Requirements Analysis, Power BI",5
JOB0637,2026-03-01,Project Manager,Business,London,Public Sector,Entry level,No degree,Remote,38362,"Excel, Agile, SQL",1
JOB0638,2026-01-01,Cyber Security Analyst,Technology,London,Retail,Entry level,Degree,Remote,51827,"Linux, Python, Cyber Security",3
JOB0639,2025-11-01,Data Scientist,Data,South East,Insurance,Entry level,Degree,Hybrid,44035,"Statistics, Excel, Data Visualisation, Pandas, SQL",5
JOB0640,2026-12-01,Software Engineer,Technology,West Midlands,E-commerce,Mid level,Degree,Hybrid,56651,"Cyber Security, SQL, APIs",6
JOB0641,2026-08-01,Software Engineer,Technology,East of England,Telecoms,Mid level,Master's,On-site,47758,"Cyber Security, Git, AWS, Linux",4
JOB0642,2025-07-01,Cyber Security Analyst,Technology,South West,Consulting,Entry level,Degree,Hybrid,38620,"Cyber Security, SQL, APIs, Git, Python",6
JOB0643,2026-02-01,Operations Analyst,Operations,East of England,E-commerce,Entry level,Master's,Remote,24000,"Forecasting, SQL, Python",3
JOB0644,2026-09-01,Cyber Security Analyst,Technology,South East,FinTech,Senior,Degree,On-site,81502,"Python, Docker, Linux, AWS",6
JOB0645,2026-10-01,Product Analyst,Data,Scotland,HealthTech,Mid level,Master's,Hybrid,53150,"Statistics, SQL, Data Visualisation, Pandas, Python",8
JOB0646,2026-08-01,Digital Marketing Analyst,Marketing,South East,Public Sector,Mid level,Degree,Hybrid,55162,"Python, A/B Testing, Google Analytics, Power BI, SQL",9
JOB0647,2025-11-01,Financial Analyst,Finance,Scotland,FinTech,Entry level,No degree,On-site,45174,"Python, Power BI, SQL, Excel",1
JOB0648,2025-03-01,Software Engineer,Technology,South West,FinTech,Entry level,No degree,Hybrid,42623,"APIs, SQL, Git",3
JOB0649,2025-12-01,Business Analyst,Business,South East,FinTech,Mid level,Degree,Hybrid,50225,"Agile, Power BI, Jira",11
JOB0650,2025-08-01,Cloud Engineer,Technology,Wales,Public Sector,Senior,Degree,Remote,65208,"SQL, APIs, AWS",3
JOB0651,2025-09-01,Software Engineer,Technology,North West,Consulting,Mid level,Master's,Hybrid,58415,"AWS, Docker, Python, APIs, Cyber Security",4
JOB0652,2026-11-01,Data Analyst,Data,South East,Banking,Senior,Degree,Hybrid,72107,"Tableau, Python, SQL, Data Visualisation",7
JOB0653,2025-09-01,BI Analyst,Data,West Midlands,Telecoms,Mid level,Master's,Remote,55395,"SQL, Data Visualisation, Statistics",3
JOB0654,2026-08-01,Cyber Security Analyst,Technology,Wales,Telecoms,Entry level,Degree,Remote,27693,"APIs, Docker, Cyber Security, Python, Linux",4
JOB0655,2025-01-01,Product Analyst,Data,London,HealthTech,Mid level,Degree,Remote,53073,"Python, Pandas, Power BI",3
JOB0656,2025-12-01,Operations Analyst,Operations,London,HealthTech,Mid level,Degree,Remote,44475,"SQL, Forecasting, Excel",5
JOB0657,2025-02-01,Operations Analyst,Operations,East of England,Banking,Entry level,Degree,Hybrid,42141,"Forecasting, Excel, Process Improvement",6
JOB0658,2025-07-01,Business Analyst,Business,South East,Banking,Entry level,Master's,Hybrid,39544,"Excel, Agile, Jira",4
JOB0659,2025-04-01,Software Engineer,Technology,London,Retail,Entry level,No degree,Remote,43351,"APIs, Git, Linux, AWS, Cyber Security",2
JOB0660,2026-06-01,Cyber Security Analyst,Technology,London,FinTech,Mid level,Degree,Hybrid,55018,"Docker, AWS, Git, Cyber Security",7
JOB0661,2025-03-01,Project Manager,Business,South West,E-commerce,Entry level,Degree,Hybrid,31197,"Jira, Agile, Requirements Analysis",6
JOB0662,2025-01-01,Software Engineer,Technology,North West,Telecoms,Entry level,Master's,On-site,38774,"SQL, Cyber Security, Linux, APIs, Python",1
JOB0663,2025-01-01,Software Engineer,Technology,South East,HealthTech,Mid level,Master's,On-site,61287,"Docker, Python, Git",3
JOB0664,2026-10-01,Product Analyst,Data,Scotland,Banking,Entry level,Degree,Remote,45783,"Python, Excel, Power BI, SQL, Data Visualisation",3
JOB0665,2026-06-01,Financial Analyst,Finance,Wales,Public Sector,Entry level,Master's,Hybrid,30953,"Power BI, Excel, SQL, Forecasting, Python",4
JOB0666,2025-06-01,Cloud Engineer,Technology,London,SaaS,Entry level,No degree,On-site,46010,"Linux, APIs, Git, SQL, Python",2
JOB0667,2026-01-01,Software Engineer,Technology,Wales,E-commerce,Mid level,Degree,Hybrid,62308,"Cyber Security, APIs, Git, Python",5
JOB0668,2026-02-01,BI Analyst,Data,London,SaaS,Mid level,Master's,On-site,57546,"Tableau, SQL, Data Visualisation, Power BI",4
JOB0669,2025-08-01,Project Manager,Business,London,Public Sector,Mid level,Degree,Hybrid,62572,"Jira, Stakeholder Management, Requirements Analysis, Agile, Power BI",5
JOB0670,2026-08-01,Software Engineer,Technology,North West,Insurance,Mid level,Master's,Hybrid,47836,"Docker, SQL, Git, Python",4
JOB0671,2025-02-01,BI Analyst,Data,East of England,Telecoms,Senior,Master's,Hybrid,71932,"Tableau, SQL, Data Visualisation, Excel, Statistics",5
JOB0672,2025-01-01,Data Scientist,Data,East of England,E-commerce,Mid level,Degree,Remote,51545,"Statistics, Excel, Data Visualisation",3
JOB0673,2025-01-01,Financial Analyst,Finance,North East,Banking,Mid level,Degree,On-site,54635,"Forecasting, Excel, Python",5
JOB0674,2025-10-01,Digital Marketing Analyst,Marketing,Scotland,Insurance,Entry level,Degree,Remote,30491,"Excel, Power BI, SQL, Google Analytics, A/B Testing",6
JOB0675,2025-10-01,Cyber Security Analyst,Technology,Yorkshire & Humber,Insurance,Mid level,Degree,Hybrid,49366,"Python, AWS, Docker, Linux, SQL",7
JOB0676,2025-07-01,Operations Analyst,Operations,London,Insurance,Entry level,Degree,Hybrid,38565,"Excel, Power BI, Python, SQL",5
JOB0677,2026-01-01,BI Analyst,Data,East of England,Retail,Mid level,Degree,Hybrid,54146,"Python, Excel, Power BI, SQL, Data Visualisation",6
JOB0678,2026-03-01,BI Analyst,Data,South East,SaaS,Entry level,No degree,Hybrid,45941,"Statistics, Tableau, Pandas, Python, Excel",5
JOB0679,2026-08-01,Data Scientist,Data,London,FinTech,Senior,Degree,Hybrid,86464,"SQL, Tableau, Excel, Statistics",4
JOB0680,2026-12-01,Software Engineer,Technology,North East,Retail,Mid level,Master's,Hybrid,64437,"AWS, SQL, Python, Cyber Security, Docker",7
JOB0681,2026-07-01,Operations Analyst,Operations,Wales,Public Sector,Mid level,Degree,Hybrid,36075,"Python, Power BI, Process Improvement",6
JOB0682,2025-03-01,BI Analyst,Data,North West,Insurance,Mid level,Degree,Remote,44339,"Power BI, Data Visualisation, SQL",5
JOB0683,2026-08-01,Software Engineer,Technology,London,Insurance,Senior,Degree,Hybrid,79231,"Python, Git, APIs, Linux",6
JOB0684,2025-08-01,Operations Analyst,Operations,West Midlands,Telecoms,Senior,Degree,On-site,56715,"Excel, Python, Forecasting",5
JOB0685,2025-06-01,Financial Analyst,Finance,Yorkshire & Humber,FinTech,Mid level,Degree,On-site,46913,"Python, Financial Modelling, Excel",4
JOB0686,2026-08-01,Financial Analyst,Finance,North West,Public Sector,Entry level,Degree,Remote,31638,"Python, Financial Modelling, SQL, Excel",2
JOB0687,2026-03-01,Financial Analyst,Finance,East of England,E-commerce,Mid level,Degree,Hybrid,46872,"Excel, Financial Modelling, SQL",4
JOB0688,2025-05-01,Data Scientist,Data,Scotland,Telecoms,Senior,Master's,Hybrid,73568,"Data Visualisation, Statistics, Tableau, Python",6
JOB0689,2025-06-01,Software Engineer,Technology,Yorkshire & Humber,Telecoms,Mid level,Degree,Hybrid,53951,"Docker, APIs, Python, Git, Cyber Security",8
JOB0690,2026-11-01,Data Analyst,Data,East of England,E-commerce,Entry level,Degree,Remote,36060,"Power BI, Excel, Data Visualisation, Statistics, Pandas",3
JOB0691,2026-06-01,Operations Analyst,Operations,North West,Insurance,Mid level,No degree,Hybrid,43921,"SQL, Forecasting, Excel",5
JOB0692,2026-01-01,Business Analyst,Business,South West,Insurance,Entry level,Master's,Hybrid,36452,"Stakeholder Management, SQL, Jira, Excel",4
JOB0693,2026-01-01,Cloud Engineer,Technology,Scotland,FinTech,Mid level,Degree,On-site,60961,"SQL, AWS, Docker, Linux",10
JOB0694,2025-03-01,Software Engineer,Technology,London,Consulting,Mid level,Master's,Hybrid,65288,"Docker, Python, SQL, APIs",3
JOB0695,2025-02-01,Cloud Engineer,Technology,Wales,HealthTech,Entry level,Degree,Hybrid,31921,"APIs, Linux, Python",6
JOB0696,2026-01-01,Data Scientist,Data,London,E-commerce,Entry level,No degree,Hybrid,50766,"Excel, Statistics, Tableau",8
JOB0697,2025-02-01,Cyber Security Analyst,Technology,South East,Retail,Entry level,Master's,Hybrid,49392,"AWS, Python, Cyber Security, APIs, Docker",6
JOB0698,2026-04-01,Software Engineer,Technology,Northern Ireland,SaaS,Entry level,Degree,Remote,36995,"APIs, AWS, Linux",5
JOB0699,2025-06-01,Project Manager,Business,North West,E-commerce,Senior,Master's,Hybrid,70091,"SQL, Requirements Analysis, Stakeholder Management, Agile, Excel",4
JOB0700,2026-11-01,Data Scientist,Data,Wales,FinTech,Entry level,Master's,Hybrid,37548,"Statistics, Tableau, Pandas, SQL",6
JOB0701,2025-08-01,Project Manager,Business,London,Public Sector,Entry level,Master's,Remote,41748,"SQL, Jira, Requirements Analysis, Power BI, Stakeholder Management",2
JOB0702,2026-09-01,Business Analyst,Business,South West,Retail,Entry level,Degree,Hybrid,41574,"Stakeholder Management, Jira, SQL",4
JOB0703,2025-07-01,Software Engineer,Technology,London,Banking,Mid level,Master's,Remote,56055,"Linux, SQL, Git",3
JOB0704,2026-07-01,Product Analyst,Data,London,Telecoms,Senior,Degree,Hybrid,76760,"Python, Pandas, Statistics",6
JOB0705,2025-07-01,Data Analyst,Data,South West,Consulting,Mid level,Degree,Hybrid,53522,"Statistics, Tableau, Excel, Power BI, Python",8
JOB0706,2025-12-01,Business Analyst,Business,North West,HealthTech,Entry level,Degree,Remote,36300,"Excel, SQL, Jira, Agile",3
JOB0707,2025-03-01,Data Analyst,Data,North West,FinTech,Mid level,Degree,Hybrid,48982,"SQL, Python, Power BI",5
JOB0708,2025-09-01,Project Manager,Business,London,Consulting,Senior,Degree,Remote,71282,"SQL, Agile, Jira, Excel",3
JOB0709,2025-06-01,Business Analyst,Business,North West,FinTech,Entry level,Degree,On-site,33446,"SQL, Power BI, Excel, Jira, Agile",8
JOB0710,2025-01-01,Data Scientist,Data,London,Public Sector,Mid level,Degree,Remote,60451,"Statistics, Excel, Power BI, Tableau, Pandas",4
JOB0711,2025-12-01,Software Engineer,Technology,West Midlands,FinTech,Entry level,Degree,On-site,44185,"Linux, Cyber Security, Git",4
JOB0712,2025-02-01,Project Manager,Business,West Midlands,Retail,Entry level,Master's,Hybrid,36821,"SQL, Requirements Analysis, Excel",6
JOB0713,2026-04-01,Project Manager,Business,West Midlands,Telecoms,Entry level,Degree,Remote,36495,"Requirements Analysis, Stakeholder Management, Excel",5
JOB0714,2026-07-01,Project Manager,Business,London,HealthTech,Mid level,Degree,Hybrid,58479,"Agile, Requirements Analysis, Excel, Stakeholder Management",5
JOB0715,2026-04-01,BI Analyst,Data,Yorkshire & Humber,Consulting,Entry level,No degree,Hybrid,26652,"Pandas, Tableau, Data Visualisation, Excel",4
JOB0716,2026-01-01,Operations Analyst,Operations,North West,Consulting,Mid level,No degree,Remote,54556,"Python, SQL, Forecasting, Process Improvement, Power BI",3
JOB0717,2026-02-01,Business Analyst,Business,South East,HealthTech,Mid level,Master's,Remote,49891,"SQL, Power BI, Stakeholder Management",3
JOB0718,2026-10-01,Financial Analyst,Finance,West Midlands,E-commerce,Entry level,Degree,On-site,35883,"Forecasting, Financial Modelling, Power BI",3
JOB0719,2025-05-01,Software Engineer,Technology,Northern Ireland,E-commerce,Entry level,Degree,On-site,39610,"APIs, SQL, Linux",3
JOB0720,2025-08-01,Operations Analyst,Operations,South West,HealthTech,Senior,Degree,Hybrid,66251,"Python, Excel, Process Improvement, SQL",6
JOB0721,2026-08-01,Operations Analyst,Operations,Yorkshire & Humber,E-commerce,Entry level,Degree,Remote,24233,"SQL, Process Improvement, Excel, Forecasting",6
JOB0722,2025-08-01,BI Analyst,Data,South West,Insurance,Entry level,No degree,Hybrid,36399,"Pandas, Data Visualisation, Power BI",4
JOB0723,2026-12-01,BI Analyst,Data,London,Insurance,Mid level,Master's,Hybrid,58908,"Python, SQL, Pandas",5
JOB0724,2025-03-01,Cyber Security Analyst,Technology,North West,Telecoms,Entry level,Degree,Remote,39946,"Docker, Cyber Security, APIs, Python, Git",6
JOB0725,2025-11-01,Software Engineer,Technology,South West,Banking,Senior,Degree,Hybrid,81794,"Docker, Git, AWS",7
JOB0726,2025-06-01,Data Analyst,Data,London,HealthTech,Entry level,Degree,Hybrid,45423,"Pandas, Statistics, Python",5
JOB0727,2025-11-01,Cyber Security Analyst,Technology,Wales,Consulting,Mid level,Degree,Remote,65721,"Docker, Python, Git, Cyber Security, APIs",4
JOB0728,2025-08-01,Data Analyst,Data,East of England,Banking,Mid level,Degree,On-site,61611,"Python, Excel, Pandas",5
JOB0729,2026-09-01,BI Analyst,Data,South East,Insurance,Mid level,Degree,On-site,57056,"Data Visualisation, Tableau, Power BI, SQL, Python",3
JOB0730,2026-03-01,Financial Analyst,Finance,London,SaaS,Mid level,Degree,Remote,53890,"Python, Excel, Power BI, Financial Modelling, SQL",3
JOB0731,2026-07-01,Business Analyst,Business,South West,Public Sector,Entry level,Degree,Hybrid,34985,"SQL, Excel, Stakeholder Management",8
JOB0732,2025-02-01,Financial Analyst,Finance,West Midlands,E-commerce,Mid level,Degree,Hybrid,46787,"Python, Excel, Financial Modelling, SQL",6
JOB0733,2026-08-01,Data Analyst,Data,Yorkshire & Humber,HealthTech,Senior,Master's,Remote,69838,"Pandas, Statistics, Tableau, Power BI, SQL",3
JOB0734,2026-01-01,Data Scientist,Data,Scotland,HealthTech,Entry level,Master's,Hybrid,41431,"Excel, SQL, Python, Tableau",5
JOB0735,2026-06-01,Software Engineer,Technology,London,HealthTech,Senior,Master's,On-site,86472,"Cyber Security, AWS, Git, SQL, Python",4
JOB0736,2026-01-01,Data Scientist,Data,South East,Consulting,Mid level,Degree,Hybrid,70482,"SQL, Excel, Pandas, Power BI, Statistics",4
JOB0737,2025-06-01,Project Manager,Business,East of England,Insurance,Entry level,No degree,Remote,45292,"SQL, Requirements Analysis, Agile, Stakeholder Management, Power BI",2
JOB0738,2025-11-01,Software Engineer,Technology,Yorkshire & Humber,SaaS,Senior,Degree,Hybrid,73890,"Git, Docker, SQL, APIs",8
JOB0739,2026-03-01,Business Analyst,Business,Yorkshire & Humber,SaaS,Entry level,Degree,Hybrid,24000,"Jira, Excel, Requirements Analysis, Stakeholder Management",8
JOB0740,2025-12-01,BI Analyst,Data,London,FinTech,Entry level,Degree,Hybrid,45775,"Power BI, Pandas, Excel, Python",6
JOB0741,2026-07-01,Operations Analyst,Operations,South East,SaaS,Mid level,Master's,On-site,38521,"SQL, Excel, Forecasting",4
JOB0742,2026-07-01,Cyber Security Analyst,Technology,West Midlands,SaaS,Mid level,Degree,Remote,54288,"Python, Cyber Security, Docker, Linux",3
JOB0743,2025-02-01,Data Analyst,Data,London,E-commerce,Mid level,Degree,Hybrid,60414,"Power BI, Pandas, Statistics, Data Visualisation, Python",6
JOB0744,2025-11-01,Data Analyst,Data,North West,Public Sector,Mid level,Degree,Remote,45721,"Statistics, Power BI, Data Visualisation, Tableau, Python",6
JOB0745,2026-11-01,Data Analyst,Data,East of England,Retail,Senior,Master's,On-site,70707,"Tableau, Python, Statistics",4
JOB0746,2026-03-01,Cyber Security Analyst,Technology,London,Consulting,Entry level,Degree,Hybrid,53948,"Cyber Security, Python, AWS, APIs, Docker",5
JOB0747,2026-10-01,Product Analyst,Data,West Midlands,Retail,Entry level,Master's,Hybrid,38067,"Excel, Pandas, Power BI, Tableau",7
JOB0748,2026-05-01,Software Engineer,Technology,East of England,Retail,Senior,Degree,Hybrid,62225,"SQL, Python, Cyber Security",7
JOB0749,2026-07-01,Software Engineer,Technology,Scotland,Retail,Mid level,Degree,Hybrid,43895,"Git, Cyber Security, APIs, Python",6
JOB0750,2026-05-01,Cyber Security Analyst,Technology,South East,Insurance,Entry level,Degree,Remote,43936,"Docker, Python, Git, APIs, AWS",3
JOB0751,2025-07-01,Project Manager,Business,North West,Banking,Entry level,Degree,Hybrid,24091,"Requirements Analysis, Stakeholder Management, SQL",8
JOB0752,2026-10-01,Financial Analyst,Finance,North West,SaaS,Mid level,Degree,Hybrid,39799,"Python, Financial Modelling, Forecasting",4
JOB0753,2025-03-01,Data Analyst,Data,Scotland,SaaS,Mid level,Master's,Hybrid,47119,"Tableau, Excel, Python, SQL",6
JOB0754,2025-03-01,Cyber Security Analyst,Technology,South West,HealthTech,Mid level,No degree,Remote,53380,"APIs, Linux, Python",2
JOB0755,2026-01-01,Software Engineer,Technology,North West,SaaS,Mid level,Degree,On-site,47258,"APIs, Git, Cyber Security, Docker, Python",4
JOB0756,2026-02-01,Operations Analyst,Operations,London,SaaS,Senior,Degree,Remote,71573,"SQL, Process Improvement, Python, Excel, Forecasting",4
JOB0757,2025-12-01,Cyber Security Analyst,Technology,London,Public Sector,Senior,Degree,On-site,78031,"Git, AWS, APIs, Docker",4
JOB0758,2025-05-01,Data Analyst,Data,Scotland,SaaS,Entry level,Degree,Hybrid,34358,"Data Visualisation, Power BI, Python, Pandas",4
JOB0759,2026-09-01,Cloud Engineer,Technology,North West,E-commerce,Mid level,Master's,Hybrid,52049,"Docker, Python, AWS",7
JOB0760,2026-08-01,Software Engineer,Technology,South West,HealthTech,Senior,Master's,Hybrid,73739,"Linux, Python, Docker",7
JOB0761,2026-05-01,Cyber Security Analyst,Technology,South West,Consulting,Mid level,Degree,Remote,49426,"SQL, Linux, Cyber Security",5
JOB0762,2026-06-01,Data Analyst,Data,North East,Banking,Senior,Degree,Hybrid,63710,"Statistics, Tableau, Data Visualisation, Power BI, Pandas",6
JOB0763,2026-09-01,Financial Analyst,Finance,East of England,Banking,Senior,Degree,Hybrid,66554,"Python, Excel, Financial Modelling",4
JOB0764,2026-01-01,Financial Analyst,Finance,Northern Ireland,Consulting,Mid level,Degree,Remote,42504,"Financial Modelling, Python, Excel",6
JOB0765,2025-12-01,Cyber Security Analyst,Technology,Yorkshire & Humber,Insurance,Entry level,Degree,Hybrid,34066,"Docker, Linux, APIs, Git, Cyber Security",8
JOB0766,2025-10-01,Data Scientist,Data,Scotland,Consulting,Entry level,Degree,Remote,38511,"Data Visualisation, Excel, Tableau, Power BI, Python",6
JOB0767,2026-05-01,Cloud Engineer,Technology,East of England,SaaS,Mid level,Degree,Remote,56955,"Cyber Security, Python, Git",3
JOB0768,2025-02-01,Data Analyst,Data,London,E-commerce,Senior,No degree,Remote,78521,"Statistics, Tableau, Python, Power BI",3
JOB0769,2026-11-01,Software Engineer,Technology,East of England,Insurance,Mid level,Degree,On-site,59231,"APIs, Docker, Linux, AWS, Cyber Security",3
JOB0770,2026-01-01,Software Engineer,Technology,South East,Consulting,Mid level,Degree,Remote,64479,"Git, APIs, Linux, AWS",4
JOB0771,2025-04-01,Product Analyst,Data,South East,HealthTech,Entry level,Degree,Remote,44538,"Tableau, Excel, SQL, Pandas, Statistics",6
JOB0772,2026-06-01,Product Analyst,Data,South East,SaaS,Entry level,No degree,On-site,41624,"Python, SQL, Statistics, Tableau, Data Visualisation",3
JOB0773,2026-08-01,Business Analyst,Business,South East,SaaS,Senior,Master's,Hybrid,64706,"Excel, Power BI, Jira",4
JOB0774,2025-01-01,Data Scientist,Data,South West,HealthTech,Entry level,Degree,Hybrid,39060,"Power BI, Python, Data Visualisation, Excel, Statistics",5
JOB0775,2025-08-01,Business Analyst,Business,East of England,HealthTech,Entry level,Degree,Remote,45519,"Jira, Excel, Stakeholder Management, Power BI",4
JOB0776,2025-11-01,Software Engineer,Technology,Yorkshire & Humber,E-commerce,Entry level,Master's,Remote,30273,"Git, Linux, SQL, Python",1
JOB0777,2025-06-01,Project Manager,Business,West Midlands,Banking,Mid level,Degree,Remote,50719,"SQL, Excel, Agile, Requirements Analysis, Stakeholder Management",4
JOB0778,2025-05-01,Business Analyst,Business,West Midlands,Telecoms,Entry level,Degree,Hybrid,30922,"Excel, Stakeholder Management, SQL, Agile, Requirements Analysis",5
JOB0779,2026-10-01,Cyber Security Analyst,Technology,South East,HealthTech,Mid level,Degree,On-site,61797,"Linux, SQL, Python, Docker, Cyber Security",2
JOB0780,2026-07-01,Data Scientist,Data,South East,HealthTech,Senior,Degree,Remote,73834,"Excel, Power BI, Data Visualisation, Python, SQL",4
JOB0781,2025-07-01,Data Analyst,Data,North West,Banking,Entry level,Master's,On-site,47104,"Tableau, Power BI, Statistics, SQL, Data Visualisation",3
JOB0782,2026-03-01,BI Analyst,Data,North West,HealthTech,Mid level,Degree,Hybrid,43476,"Power BI, Pandas, Excel",7
JOB0783,2025-04-01,Software Engineer,Technology,London,Telecoms,Mid level,Degree,Hybrid,59033,"Git, SQL, APIs, Linux, Cyber Security",7
JOB0784,2026-09-01,Software Engineer,Technology,South West,Consulting,Entry level,Master's,On-site,37995,"SQL, Git, AWS, Linux, APIs",4
JOB0785,2025-07-01,BI Analyst,Data,South West,Retail,Mid level,Degree,Hybrid,53884,"Power BI, Tableau, Data Visualisation, Statistics, Excel",6
JOB0786,2025-08-01,Data Scientist,Data,London,E-commerce,Entry level,Master's,Hybrid,33843,"Excel, Tableau, Pandas",4
JOB0787,2025-04-01,Cloud Engineer,Technology,Scotland,Consulting,Entry level,Master's,Hybrid,46648,"Python, AWS, Linux, Docker, SQL",7
JOB0788,2026-05-01,Cloud Engineer,Technology,North West,Telecoms,Entry level,No degree,Hybrid,45544,"APIs, SQL, Python, Cyber Security",6
JOB0789,2025-11-01,Data Analyst,Data,Scotland,Telecoms,Mid level,No degree,Hybrid,54626,"Power BI, Statistics, SQL",5
JOB0790,2026-10-01,Cloud Engineer,Technology,North East,Retail,Entry level,Master's,Hybrid,38694,"APIs, Linux, Cyber Security, Git",3
JOB0791,2025-04-01,Software Engineer,Technology,Wales,Banking,Entry level,Degree,Remote,39647,"Docker, APIs, Git",3
JOB0792,2025-07-01,Data Scientist,Data,London,HealthTech,Entry level,No degree,Hybrid,50207,"Statistics, Python, Excel, Power BI",5
JOB0793,2026-05-01,BI Analyst,Data,London,E-commerce,Mid level,Master's,Remote,64825,"Excel, Python, Data Visualisation",5
JOB0794,2026-05-01,Financial Analyst,Finance,South East,Public Sector,Entry level,Master's,Hybrid,36478,"Forecasting, Power BI, Financial Modelling, Python, SQL",5
JOB0795,2026-05-01,Cyber Security Analyst,Technology,East of England,Consulting,Entry level,Degree,Hybrid,45831,"APIs, SQL, Linux",6
JOB0796,2025-12-01,Digital Marketing Analyst,Marketing,West Midlands,E-commerce,Mid level,Degree,On-site,28672,"Python, SQL, Excel",3
JOB0797,2026-01-01,Business Analyst,Business,North East,FinTech,Mid level,No degree,On-site,40025,"SQL, Excel, Agile, Requirements Analysis, Stakeholder Management",2
JOB0798,2025-09-01,Business Analyst,Business,London,FinTech,Entry level,Master's,Hybrid,56700,"Agile, Jira, Stakeholder Management",6
JOB0799,2026-09-01,Business Analyst,Business,Yorkshire & Humber,FinTech,Entry level,No degree,Remote,35401,"Excel, Requirements Analysis, Jira, Agile",6
JOB0800,2025-12-01,Financial Analyst,Finance,South West,SaaS,Mid level,Degree,Hybrid,57765,"Excel, Power BI, Python, SQL",5
JOB0801,2025-04-01,Software Engineer,Technology,London,E-commerce,Mid level,Degree,Remote,60220,"Git, Cyber Security, APIs, SQL",2
JOB0802,2026-12-01,Financial Analyst,Finance,London,HealthTech,Entry level,Degree,Hybrid,32844,"Power BI, Excel, SQL, Financial Modelling",4
JOB0803,2026-08-01,Business Analyst,Business,London,Retail,Senior,Degree,Hybrid,62034,"Power BI, Jira, Excel, SQL, Agile",7
JOB0804,2025-05-01,Data Analyst,Data,Northern Ireland,E-commerce,Entry level,Master's,Remote,41608,"Tableau, Data Visualisation, Python, Statistics",1
JOB0805,2026-09-01,Cyber Security Analyst,Technology,North West,Retail,Senior,Degree,Hybrid,71485,"Git, APIs, Docker, Linux",5
JOB0806,2026-06-01,Data Analyst,Data,London,Consulting,Entry level,Degree,Hybrid,45463,"Power BI, Data Visualisation, Excel, Python",6
JOB0807,2025-09-01,Business Analyst,Business,South East,Banking,Entry level,No degree,Hybrid,48550,"Excel, Requirements Analysis, Stakeholder Management",4
JOB0808,2025-09-01,Product Analyst,Data,West Midlands,Consulting,Entry level,Master's,Hybrid,46331,"Power BI, Python, SQL, Excel, Data Visualisation",8
JOB0809,2025-05-01,Product Analyst,Data,West Midlands,Banking,Senior,No degree,Remote,67520,"Statistics, Tableau, Pandas, Data Visualisation, SQL",3
JOB0810,2026-08-01,Data Analyst,Data,London,Insurance,Entry level,Degree,Remote,47364,"Excel, Data Visualisation, Pandas",3
JOB0811,2026-11-01,Financial Analyst,Finance,London,Banking,Senior,No degree,Remote,73345,"Excel, Power BI, Python, Financial Modelling, SQL",2
JOB0812,2026-08-01,Product Analyst,Data,London,FinTech,Entry level,Degree,Remote,54874,"Data Visualisation, Python, Power BI, Statistics",3
JOB0813,2025-08-01,Business Analyst,Business,East of England,Insurance,Entry level,Degree,On-site,48617,"Agile, Requirements Analysis, Jira",5
JOB0814,2026-08-01,Cloud Engineer,Technology,North West,Insurance,Senior,Degree,Hybrid,69914,"Python, Docker, Cyber Security",6
JOB0815,2026-07-01,Product Analyst,Data,London,Retail,Mid level,Degree,Hybrid,61658,"Pandas, Statistics, Tableau",6
JOB0816,2025-11-01,Software Engineer,Technology,Wales,Consulting,Mid level,Master's,Remote,63728,"Cyber Security, APIs, Docker",2
JOB0817,2025-02-01,Software Engineer,Technology,North West,Telecoms,Entry level,Degree,Hybrid,36002,"SQL, Python, Cyber Security",10
JOB0818,2026-11-01,Financial Analyst,Finance,London,FinTech,Entry level,Master's,Remote,36087,"Python, Financial Modelling, Power BI",5
JOB0819,2026-03-01,Data Scientist,Data,Yorkshire & Humber,E-commerce,Senior,Degree,Hybrid,68701,"SQL, Power BI, Excel",6
JOB0820,2025-09-01,Cloud Engineer,Technology,North East,FinTech,Entry level,Degree,Remote,47118,"Git, Python, APIs",5
JOB0821,2025-08-01,Digital Marketing Analyst,Marketing,Yorkshire & Humber,FinTech,Mid level,Degree,Remote,45186,"Excel, Power BI, Python, Google Analytics, SQL",3
JOB0822,2026-11-01,Project Manager,Business,Wales,E-commerce,Mid level,Degree,Hybrid,44000,"Jira, Excel, Power BI, Stakeholder Management, Requirements Analysis",4
JOB0823,2026-12-01,Data Analyst,Data,London,SaaS,Entry level,Master's,Hybrid,32510,"SQL, Data Visualisation, Power BI",6
JOB0824,2026-08-01,Software Engineer,Technology,West Midlands,Retail,Entry level,Master's,Hybrid,29137,"SQL, Linux, Cyber Security",6
JOB0825,2026-01-01,BI Analyst,Data,East of England,SaaS,Entry level,Master's,Hybrid,47230,"Power BI, Data Visualisation, Python, SQL, Statistics",3
JOB0826,2025-09-01,Data Analyst,Data,Yorkshire & Humber,FinTech,Entry level,Degree,Hybrid,39205,"Power BI, Statistics, Data Visualisation",6
JOB0827,2025-10-01,Financial Analyst,Finance,North West,E-commerce,Entry level,Degree,Remote,29617,"Forecasting, Power BI, SQL",3
JOB0828,2025-03-01,Operations Analyst,Operations,Yorkshire & Humber,E-commerce,Mid level,Master's,Hybrid,45241,"SQL, Power BI, Excel, Process Improvement",7
JOB0829,2025-01-01,Digital Marketing Analyst,Marketing,Scotland,HealthTech,Entry level,Degree,Hybrid,35257,"A/B Testing, SQL, Excel, Python",8
JOB0830,2026-04-01,Business Analyst,Business,East of England,FinTech,Entry level,No degree,Remote,35692,"Stakeholder Management, SQL, Requirements Analysis, Power BI",2
JOB0831,2025-02-01,Data Scientist,Data,Northern Ireland,Retail,Entry level,Degree,Remote,36163,"Tableau, SQL, Data Visualisation, Python",4
JOB0832,2026-01-01,Software Engineer,Technology,London,Retail,Entry level,Degree,Remote,43149,"Cyber Security, Python, Docker, Linux",6
JOB0833,2025-10-01,Data Scientist,Data,London,Public Sector,Mid level,Degree,Remote,59876,"Excel, Statistics, Tableau, Data Visualisation, SQL",3
JOB0834,2026-06-01,BI Analyst,Data,South East,HealthTech,Entry level,Master's,Hybrid,34440,"Data Visualisation, Statistics, Power BI, SQL",4
JOB0835,2025-05-01,Operations Analyst,Operations,Scotland,Banking,Entry level,Degree,Hybrid,30302,"Power BI, SQL, Python, Forecasting, Process Improvement",7
JOB0836,2026-11-01,Business Analyst,Business,South East,Insurance,Senior,Degree,Hybrid,68924,"Agile, Requirements Analysis, Jira, Excel",5
JOB0837,2026-03-01,Product Analyst,Data,North West,SaaS,Entry level,Master's,Hybrid,41183,"Power BI, Statistics, Data Visualisation",7
JOB0838,2025-09-01,Cyber Security Analyst,Technology,London,HealthTech,Mid level,Degree,Hybrid,63096,"Docker, Git, Python, APIs",8
JOB0839,2025-11-01,Operations Analyst,Operations,London,E-commerce,Mid level,Degree,Hybrid,50058,"Python, Power BI, Forecasting",6
JOB0840,2025-03-01,Operations Analyst,Operations,London,Retail,Senior,No degree,Remote,61747,"Power BI, Excel, SQL, Python, Process Improvement",3
JOB0841,2026-06-01,Business Analyst,Business,South East,HealthTech,Mid level,Master's,Hybrid,54536,"Requirements Analysis, SQL, Agile, Stakeholder Management",5
JOB0842,2025-11-01,Cyber Security Analyst,Technology,London,SaaS,Entry level,No degree,Hybrid,47653,"SQL, Git, Python, Linux",5
JOB0843,2026-07-01,Data Analyst,Data,London,Public Sector,Entry level,Degree,On-site,46693,"Tableau, Statistics, Python",2
JOB0844,2026-12-01,Product Analyst,Data,South East,Banking,Mid level,Degree,Remote,52735,"SQL, Tableau, Python, Statistics",3
JOB0845,2026-02-01,Data Scientist,Data,Yorkshire & Humber,Telecoms,Entry level,Master's,Remote,36593,"Statistics, Power BI, Python, Pandas, Excel",6
JOB0846,2025-06-01,Data Scientist,Data,London,Retail,Mid level,Master's,Hybrid,61777,"Excel, Power BI, Python, Data Visualisation, Tableau",3
JOB0847,2026-03-01,Business Analyst,Business,London,Insurance,Mid level,Degree,Hybrid,55092,"Stakeholder Management, Requirements Analysis, Jira, Excel, Power BI",7
JOB0848,2025-08-01,Project Manager,Business,West Midlands,HealthTech,Entry level,Degree,Hybrid,31973,"Jira, SQL, Stakeholder Management",5
JOB0849,2026-10-01,Product Analyst,Data,West Midlands,Retail,Senior,No degree,Remote,77071,"Statistics, Tableau, Excel, Data Visualisation, Pandas",1
JOB0850,2026-10-01,Product Analyst,Data,North West,SaaS,Entry level,Degree,Hybrid,34811,"Tableau, Python, Power BI, Pandas, Statistics",6
JOB0851,2025-04-01,Operations Analyst,Operations,London,Retail,Mid level,Degree,Hybrid,51128,"Power BI, Forecasting, Excel",6
JOB0852,2025-06-01,Software Engineer,Technology,East of England,Insurance,Entry level,Degree,Remote,39812,"Linux, Python, Docker, AWS",7
JOB0853,2026-11-01,Operations Analyst,Operations,East of England,Insurance,Mid level,Master's,Remote,40814,"Power BI, SQL, Forecasting, Process Improvement, Python",3
JOB0854,2025-12-01,Product Analyst,Data,Wales,Retail,Mid level,No degree,On-site,43818,"Data Visualisation, Tableau, SQL, Power BI",2
JOB0855,2026-10-01,Business Analyst,Business,East of England,E-commerce,Mid level,Degree,On-site,58741,"SQL, Jira, Agile, Requirements Analysis",2
JOB0856,2026-07-01,Project Manager,Business,London,Retail,Mid level,Degree,Remote,58343,"Power BI, Excel, Requirements Analysis",4
JOB0857,2025-05-01,Data Scientist,Data,South West,SaaS,Entry level,Degree,Hybrid,46678,"Tableau, SQL, Statistics",5
JOB0858,2026-04-01,Business Analyst,Business,London,Consulting,Entry level,Degree,Hybrid,47605,"SQL, Power BI, Stakeholder Management, Agile, Requirements Analysis",5
JOB0859,2026-10-01,Software Engineer,Technology,Scotland,Retail,Mid level,Degree,Hybrid,50490,"Git, SQL, AWS",8
JOB0860,2025-02-01,Digital Marketing Analyst,Marketing,London,FinTech,Entry level,Degree,On-site,46484,"A/B Testing, Excel, SQL, Google Analytics, Power BI",6
JOB0861,2025-09-01,BI Analyst,Data,London,E-commerce,Mid level,Master's,Hybrid,63943,"Excel, Data Visualisation, Power BI",4
JOB0862,2025-11-01,Cloud Engineer,Technology,South West,Consulting,Entry level,Degree,Remote,42240,"Git, Linux, APIs, Cyber Security",2
JOB0863,2026-12-01,Cyber Security Analyst,Technology,South West,E-commerce,Mid level,Degree,On-site,52801,"Cyber Security, APIs, Docker, Python",4
JOB0864,2026-01-01,Operations Analyst,Operations,London,Telecoms,Mid level,Master's,Hybrid,51773,"Forecasting, Excel, Power BI, Python",3
JOB0865,2026-09-01,Software Engineer,Technology,South West,SaaS,Senior,Degree,Remote,74865,"SQL, APIs, Git, Linux, Python",3
JOB0866,2025-04-01,Software Engineer,Technology,West Midlands,Public Sector,Entry level,Degree,Hybrid,34625,"APIs, AWS, Docker, Python, Cyber Security",6
JOB0867,2025-07-01,Software Engineer,Technology,London,E-commerce,Mid level,Degree,Remote,61447,"Python, Cyber Security, AWS",2
JOB0868,2025-11-01,Software Engineer,Technology,East of England,SaaS,Mid level,Degree,On-site,63984,"SQL, Docker, Linux, Python, Git",3
JOB0869,2025-01-01,Cloud Engineer,Technology,Wales,HealthTech,Mid level,Degree,Remote,54145,"Git, Linux, Docker, SQL, APIs",2
JOB0870,2025-11-01,Software Engineer,Technology,Scotland,E-commerce,Entry level,Degree,Hybrid,44040,"Linux, Cyber Security, Git, AWS, SQL",4
JOB0871,2025-06-01,Operations Analyst,Operations,London,Retail,Mid level,Degree,Remote,65348,"Excel, Power BI, Python",5
JOB0872,2026-07-01,BI Analyst,Data,North East,Telecoms,Entry level,Degree,On-site,36383,"SQL, Excel, Python",5
JOB0873,2026-02-01,Business Analyst,Business,London,Consulting,Entry level,Master's,Hybrid,44098,"Requirements Analysis, SQL, Power BI",5
JOB0874,2025-04-01,Cloud Engineer,Technology,Yorkshire & Humber,E-commerce,Mid level,No degree,Hybrid,53086,"Git, AWS, Python, SQL",3
JOB0875,2025-12-01,Financial Analyst,Finance,Wales,E-commerce,Mid level,Degree,Hybrid,36369,"SQL, Power BI, Python, Financial Modelling",5
JOB0876,2025-04-01,Data Scientist,Data,London,Telecoms,Mid level,No degree,Remote,59934,"Power BI, Python, Tableau, SQL",4
JOB0877,2025-09-01,Financial Analyst,Finance,London,FinTech,Mid level,Master's,On-site,54075,"SQL, Financial Modelling, Power BI, Python",1
JOB0878,2026-09-01,Project Manager,Business,London,Banking,Entry level,No degree,Remote,41008,"Stakeholder Management, Requirements Analysis, Agile",2
JOB0879,2025-02-01,Financial Analyst,Finance,London,Consulting,Mid level,Degree,Hybrid,48889,"Excel, Forecasting, SQL",8
JOB0880,2026-03-01,Financial Analyst,Finance,London,HealthTech,Senior,No degree,Hybrid,68676,"Forecasting, Power BI, Python, Excel",5
JOB0881,2025-10-01,Product Analyst,Data,North West,Insurance,Mid level,No degree,Hybrid,50309,"Power BI, Tableau, SQL",5
JOB0882,2026-09-01,Software Engineer,Technology,Scotland,Insurance,Mid level,Degree,On-site,56968,"Git, Python, AWS, Cyber Security",5
JOB0883,2025-05-01,Software Engineer,Technology,London,Public Sector,Entry level,Degree,Hybrid,51244,"SQL, Linux, AWS, Cyber Security",6
JOB0884,2026-09-01,Cyber Security Analyst,Technology,London,Banking,Mid level,Master's,Remote,62020,"AWS, Python, APIs, Linux",2
JOB0885,2026-07-01,Operations Analyst,Operations,London,Telecoms,Senior,Degree,Hybrid,64502,"Power BI, Process Improvement, Forecasting, SQL",5
JOB0886,2025-09-01,BI Analyst,Data,London,Consulting,Mid level,No degree,On-site,67932,"Power BI, Excel, Python, SQL, Data Visualisation",1
JOB0887,2026-02-01,Business Analyst,Business,London,HealthTech,Entry level,Master's,Remote,41451,"Excel, Power BI, Requirements Analysis",3
JOB0888,2025-08-01,BI Analyst,Data,Yorkshire & Humber,FinTech,Mid level,Degree,Hybrid,52553,"SQL, Excel, Data Visualisation, Statistics, Python",8
JOB0889,2026-03-01,Operations Analyst,Operations,Yorkshire & Humber,Public Sector,Mid level,Degree,Remote,45190,"Process Improvement, Excel, Python, Forecasting",4
JOB0890,2025-03-01,Product Analyst,Data,London,Insurance,Entry level,Degree,Hybrid,42652,"Data Visualisation, Tableau, Python",6
JOB0891,2026-11-01,Cloud Engineer,Technology,London,Insurance,Senior,Master's,Hybrid,83981,"Linux, APIs, Git",5
JOB0892,2026-10-01,Cyber Security Analyst,Technology,London,SaaS,Mid level,Degree,Remote,61237,"AWS, APIs, Git, Cyber Security",4
JOB0893,2026-09-01,Project Manager,Business,London,Consulting,Senior,Degree,Hybrid,71710,"Agile, Power BI, Stakeholder Management",5
JOB0894,2025-09-01,Project Manager,Business,London,Public Sector,Entry level,Degree,Remote,47147,"Excel, Jira, Requirements Analysis, Power BI, Stakeholder Management",2
JOB0895,2026-09-01,Cloud Engineer,Technology,North West,Public Sector,Mid level,Degree,Hybrid,46710,"SQL, Python, Linux, Docker, Cyber Security",7
JOB0896,2025-03-01,Business Analyst,Business,Yorkshire & Humber,Public Sector,Entry level,Degree,On-site,32362,"Requirements Analysis, Power BI, Jira, Stakeholder Management",2
JOB0897,2026-12-01,Business Analyst,Business,South East,SaaS,Mid level,Degree,Remote,50298,"SQL, Jira, Excel, Requirements Analysis",5
JOB0898,2026-02-01,Financial Analyst,Finance,London,Retail,Mid level,Degree,Hybrid,55990,"SQL, Excel, Forecasting, Financial Modelling",7
JOB0899,2025-11-01,BI Analyst,Data,London,Public Sector,Mid level,Degree,Remote,60919,"Excel, Data Visualisation, Python, SQL, Tableau",5
JOB0900,2026-10-01,Software Engineer,Technology,North West,Telecoms,Entry level,Degree,Hybrid,48001,"Python, AWS, SQL, Docker, Git",8
JOB0901,2025-02-01,Product Analyst,Data,East of England,Public Sector,Mid level,No degree,Hybrid,49892,"Tableau, SQL, Python, Statistics",4
JOB0902,2025-08-01,Cyber Security Analyst,Technology,West Midlands,Public Sector,Mid level,Degree,On-site,60830,"Git, Cyber Security, Linux, Docker, APIs",6
JOB0903,2025-05-01,Business Analyst,Business,Yorkshire & Humber,E-commerce,Mid level,No degree,Hybrid,45504,"Agile, Excel, Power BI, Requirements Analysis, Jira",5
JOB0904,2025-08-01,Operations Analyst,Operations,Yorkshire & Humber,HealthTech,Mid level,Master's,Remote,36563,"Python, Forecasting, Process Improvement, Excel, SQL",4
JOB0905,2026-04-01,Financial Analyst,Finance,London,Insurance,Mid level,Degree,Hybrid,54503,"SQL, Python, Forecasting, Financial Modelling",5
JOB0906,2025-09-01,Business Analyst,Business,East of England,Telecoms,Entry level,Master's,Hybrid,39325,"Power BI, Requirements Analysis, SQL, Excel",5
JOB0907,2026-03-01,BI Analyst,Data,Yorkshire & Humber,Public Sector,Entry level,Degree,Hybrid,41668,"Pandas, Statistics, SQL, Tableau, Data Visualisation",5
JOB0908,2026-10-01,Data Analyst,Data,North West,Banking,Entry level,Degree,On-site,32255,"Python, Data Visualisation, Statistics",4
JOB0909,2026-05-01,Product Analyst,Data,South East,SaaS,Mid level,No degree,Hybrid,54462,"Pandas, SQL, Tableau, Data Visualisation",6
JOB0910,2025-05-01,Cloud Engineer,Technology,London,Retail,Entry level,Degree,Hybrid,39284,"APIs, Git, Linux, AWS",7
JOB0911,2026-11-01,Data Scientist,Data,London,Public Sector,Entry level,No degree,Hybrid,60953,"Python, Power BI, Tableau",4
JOB0912,2025-04-01,Data Scientist,Data,Wales,SaaS,Mid level,No degree,Hybrid,46451,"Tableau, Power BI, Pandas, Data Visualisation, Excel",4
JOB0913,2025-05-01,Cloud Engineer,Technology,South East,E-commerce,Entry level,Degree,On-site,41571,"SQL, Git, APIs",3
JOB0914,2026-08-01,Software Engineer,Technology,East of England,Consulting,Senior,Degree,Hybrid,82173,"Cyber Security, AWS, Docker, APIs, Python",6
JOB0915,2025-07-01,Data Analyst,Data,East of England,SaaS,Entry level,Degree,Hybrid,37768,"Excel, Statistics, Python, Pandas",7
JOB0916,2026-12-01,Project Manager,Business,South East,FinTech,Mid level,Degree,Hybrid,58445,"Stakeholder Management, SQL, Jira",8
JOB0917,2026-01-01,Business Analyst,Business,North West,Retail,Entry level,No degree,On-site,34864,"Excel, Power BI, Requirements Analysis, Stakeholder Management, SQL",4
JOB0918,2026-01-01,BI Analyst,Data,London,Consulting,Entry level,Degree,Remote,52321,"Excel, SQL, Pandas, Statistics",4
JOB0919,2026-06-01,Business Analyst,Business,South East,Retail,Entry level,No degree,Hybrid,24000,"Stakeholder Management, Power BI, Requirements Analysis, Excel",4
JOB0920,2025-05-01,Software Engineer,Technology,Scotland,FinTech,Entry level,Degree,Remote,39424,"SQL, Cyber Security, AWS, Python, Docker",6
JOB0921,2025-11-01,Business Analyst,Business,North West,FinTech,Senior,Degree,Remote,70293,"SQL, Jira, Power BI",4
JOB0922,2025-11-01,Project Manager,Business,London,Retail,Mid level,Degree,Hybrid,60521,"Stakeholder Management, Agile, Jira, SQL, Excel",8
JOB0923,2025-04-01,Data Analyst,Data,North West,Consulting,Mid level,Degree,Remote,65080,"Python, SQL, Power BI, Statistics, Pandas",6
JOB0924,2025-05-01,Cyber Security Analyst,Technology,South East,Telecoms,Entry level,No degree,Hybrid,43079,"Cyber Security, AWS, Linux, APIs, SQL",4
JOB0925,2026-03-01,Operations Analyst,Operations,London,Telecoms,Mid level,Degree,Hybrid,49485,"Power BI, SQL, Forecasting, Python",5
JOB0926,2025-06-01,Software Engineer,Technology,Yorkshire & Humber,SaaS,Entry level,Master's,Hybrid,44113,"Linux, APIs, SQL, Git",5
JOB0927,2025-03-01,Business Analyst,Business,London,Consulting,Mid level,No degree,Hybrid,60722,"Jira, Agile, Requirements Analysis",7
JOB0928,2025-08-01,BI Analyst,Data,London,Public Sector,Entry level,Degree,Hybrid,42058,"Pandas, Statistics, Excel, Python",5
JOB0929,2026-12-01,Cloud Engineer,Technology,London,Retail,Entry level,Master's,Remote,58431,"APIs, Docker, Cyber Security, Python",3
JOB0930,2025-10-01,Business Analyst,Business,Scotland,Banking,Entry level,No degree,Hybrid,33308,"Excel, Agile, Requirements Analysis, SQL, Jira",6
JOB0931,2026-09-01,Software Engineer,Technology,East of England,HealthTech,Mid level,No degree,Hybrid,52259,"Cyber Security, APIs, Linux",5
JOB0932,2025-04-01,Product Analyst,Data,London,Consulting,Entry level,Degree,Hybrid,56467,"Tableau, Pandas, Python, Excel",4
JOB0933,2026-04-01,Data Analyst,Data,Yorkshire & Humber,E-commerce,Senior,Degree,Hybrid,73464,"Data Visualisation, Excel, SQL, Tableau, Python",7
JOB0934,2025-12-01,Business Analyst,Business,Scotland,SaaS,Entry level,Degree,Hybrid,33305,"Jira, SQL, Stakeholder Management",8
JOB0935,2025-01-01,Data Analyst,Data,Scotland,Insurance,Senior,Degree,Remote,70823,"Pandas, Statistics, SQL, Power BI",6
JOB0936,2025-11-01,Software Engineer,Technology,South East,Public Sector,Mid level,Degree,Remote,57912,"Docker, Git, Cyber Security, AWS",5
JOB0937,2026-07-01,Data Analyst,Data,London,E-commerce,Mid level,Degree,Hybrid,55158,"Python, SQL, Statistics",7
JOB0938,2025-12-01,Software Engineer,Technology,London,SaaS,Entry level,Degree,Hybrid,47769,"Linux, APIs, Python, AWS, Git",7
JOB0939,2025-12-01,Product Analyst,Data,North West,Retail,Mid level,Degree,Remote,40898,"Excel, SQL, Python, Power BI, Tableau",5
JOB0940,2025-04-01,Business Analyst,Business,Yorkshire & Humber,E-commerce,Entry level,Degree,On-site,35964,"SQL, Power BI, Requirements Analysis",6
JOB0941,2025-10-01,Cyber Security Analyst,Technology,Wales,Banking,Entry level,Degree,Hybrid,35564,"SQL, Linux, APIs, Cyber Security, Python",6
JOB0942,2026-11-01,Cloud Engineer,Technology,East of England,Consulting,Entry level,Degree,Hybrid,53567,"Cyber Security, Git, Docker, Linux",5
JOB0943,2026-08-01,Data Scientist,Data,London,HealthTech,Entry level,Degree,Remote,46255,"Tableau, Python, SQL",5
JOB0944,2026-08-01,Software Engineer,Technology,Scotland,Telecoms,Entry level,Degree,Hybrid,39271,"APIs, Git, AWS, Linux",6
JOB0945,2025-09-01,Software Engineer,Technology,Scotland,Retail,Entry level,No degree,Remote,40141,"Docker, Git, APIs, Cyber Security",3
JOB0946,2026-06-01,BI Analyst,Data,London,Retail,Mid level,Degree,Hybrid,56445,"Pandas, Data Visualisation, Statistics, Power BI, SQL",4
JOB0947,2026-04-01,Business Analyst,Business,South East,FinTech,Senior,Degree,Hybrid,76814,"Jira, Stakeholder Management, Power BI, Requirements Analysis, Excel",5
JOB0948,2026-05-01,Financial Analyst,Finance,London,SaaS,Mid level,Master's,Hybrid,51774,"Forecasting, Python, SQL, Financial Modelling, Excel",5
JOB0949,2025-06-01,Project Manager,Business,South East,SaaS,Mid level,No degree,Hybrid,56507,"Agile, Jira, Requirements Analysis, Power BI",4
JOB0950,2025-05-01,Operations Analyst,Operations,South East,Consulting,Senior,Master's,On-site,62537,"Forecasting, SQL, Python, Power BI, Process Improvement",1
JOB0951,2026-08-01,Data Scientist,Data,East of England,Retail,Entry level,Degree,Remote,46798,"Data Visualisation, Python, Statistics, Tableau",4
JOB0952,2025-12-01,Software Engineer,Technology,West Midlands,E-commerce,Mid level,Degree,Remote,58370,"AWS, APIs, Linux",2
JOB0953,2025-04-01,Business Analyst,Business,London,Retail,Mid level,No degree,Remote,54646,"SQL, Jira, Agile, Excel",3
JOB0954,2025-06-01,Cyber Security Analyst,Technology,East of England,FinTech,Entry level,Master's,Remote,48312,"APIs, Python, SQL",2
JOB0955,2026-10-01,Cloud Engineer,Technology,Scotland,FinTech,Mid level,Master's,Remote,67936,"Cyber Security, SQL, Git, Linux, Python",2
JOB0956,2026-09-01,Business Analyst,Business,London,Public Sector,Entry level,No degree,Hybrid,42881,"SQL, Jira, Excel",3
JOB0957,2026-08-01,BI Analyst,Data,London,Retail,Mid level,No degree,On-site,54629,"Statistics, SQL, Power BI",2
JOB0958,2026-12-01,Data Analyst,Data,North West,Consulting,Mid level,Degree,Remote,43229,"Power BI, Tableau, Pandas, SQL",2
JOB0959,2025-01-01,Operations Analyst,Operations,London,FinTech,Entry level,Degree,Hybrid,48540,"SQL, Excel, Forecasting",5
JOB0960,2025-04-01,Product Analyst,Data,London,Retail,Entry level,Master's,Hybrid,44470,"Excel, Statistics, SQL, Pandas, Python",7
JOB0961,2025-10-01,Cyber Security Analyst,Technology,South East,Banking,Senior,Degree,Hybrid,67008,"AWS, Git, Linux, Cyber Security, Docker",5
JOB0962,2025-01-01,Software Engineer,Technology,London,FinTech,Mid level,Degree,Hybrid,64144,"SQL, Docker, Cyber Security, APIs, Python",6
JOB0963,2026-12-01,BI Analyst,Data,London,Retail,Mid level,Degree,Remote,68849,"SQL, Pandas, Power BI, Python",3
JOB0964,2026-08-01,Business Analyst,Business,Yorkshire & Humber,Public Sector,Entry level,Degree,Remote,30958,"Requirements Analysis, Jira, Excel, Power BI, SQL",5
JOB0965,2026-11-01,Data Scientist,Data,London,E-commerce,Entry level,No degree,Hybrid,50435,"Pandas, Data Visualisation, Python",6
JOB0966,2026-03-01,Data Scientist,Data,East of England,Public Sector,Entry level,Master's,Remote,41098,"SQL, Python, Statistics",1
JOB0967,2025-09-01,Project Manager,Business,South East,Banking,Senior,Degree,Hybrid,72736,"Power BI, Jira, SQL, Agile, Excel",8
JOB0968,2026-09-01,Data Scientist,Data,London,SaaS,Mid level,Degree,Remote,67342,"Python, Excel, Pandas, SQL",5
JOB0969,2026-05-01,Digital Marketing Analyst,Marketing,London,HealthTech,Senior,Degree,Hybrid,69033,"A/B Testing, Python, Excel",5
JOB0970,2025-10-01,Project Manager,Business,London,FinTech,Senior,No degree,Hybrid,69219,"SQL, Agile, Jira, Power BI",7
JOB0971,2025-09-01,Business Analyst,Business,East of England,Insurance,Senior,Degree,Hybrid,73111,"Jira, Power BI, Requirements Analysis, SQL, Agile",5
JOB0972,2025-11-01,Data Scientist,Data,North West,Public Sector,Mid level,Degree,On-site,58020,"SQL, Power BI, Tableau, Data Visualisation",3
JOB0973,2026-02-01,Project Manager,Business,East of England,Consulting,Entry level,Master's,Hybrid,45378,"Agile, Jira, Power BI, Excel",4
JOB0974,2025-06-01,Operations Analyst,Operations,East of England,Telecoms,Entry level,No degree,Hybrid,28211,"Process Improvement, Excel, Power BI, Forecasting",3
JOB0975,2026-12-01,Financial Analyst,Finance,North West,Insurance,Mid level,Master's,On-site,59079,"Python, Forecasting, Financial Modelling",2
JOB0976,2025-02-01,Cloud Engineer,Technology,South West,Consulting,Entry level,Master's,Hybrid,43968,"Cyber Security, Linux, SQL",5
JOB0977,2026-12-01,Data Scientist,Data,Scotland,HealthTech,Mid level,Master's,Hybrid,51880,"Data Visualisation, Python, SQL, Excel",5
JOB0978,2025-05-01,Product Analyst,Data,London,Public Sector,Mid level,Degree,On-site,58309,"SQL, Excel, Tableau, Statistics",5
JOB0979,2025-06-01,Business Analyst,Business,West Midlands,E-commerce,Senior,Degree,Hybrid,66686,"Agile, SQL, Requirements Analysis, Excel",5
JOB0980,2026-02-01,BI Analyst,Data,South East,HealthTech,Entry level,Degree,Hybrid,30023,"Statistics, Pandas, Excel, Data Visualisation, SQL",5
JOB0981,2025-01-01,Digital Marketing Analyst,Marketing,South East,Public Sector,Entry level,Degree,Hybrid,32041,"A/B Testing, Google Analytics, Python, Power BI, SQL",7
JOB0982,2025-01-01,Product Analyst,Data,South East,Telecoms,Mid level,Degree,Hybrid,49538,"Statistics, Power BI, Python",6
JOB0983,2025-10-01,Digital Marketing Analyst,Marketing,North West,SaaS,Mid level,Degree,Remote,49808,"A/B Testing, Power BI, Google Analytics, SQL, Python",6
JOB0984,2026-01-01,Cloud Engineer,Technology,East of England,Telecoms,Entry level,Degree,Remote,43337,"AWS, Python, Docker, Git",3
JOB0985,2025-08-01,Software Engineer,Technology,East of England,HealthTech,Mid level,Degree,Hybrid,64228,"Python, Docker, Git, APIs",7
JOB0986,2025-08-01,Digital Marketing Analyst,Marketing,South East,Insurance,Mid level,Master's,Hybrid,47464,"Power BI, A/B Testing, Excel, Google Analytics",5
JOB0987,2025-07-01,Business Analyst,Business,North West,Consulting,Mid level,Master's,Hybrid,40464,"Power BI, SQL, Stakeholder Management, Excel",6
JOB0988,2025-02-01,BI Analyst,Data,North West,Public Sector,Entry level,Degree,Hybrid,45118,"Python, Excel, Tableau, Statistics",8
JOB0989,2025-03-01,Cloud Engineer,Technology,Northern Ireland,Banking,Senior,Degree,Remote,71088,"Cyber Security, Python, AWS",2
JOB0990,2025-09-01,Data Scientist,Data,London,SaaS,Mid level,Master's,Remote,60915,"Data Visualisation, SQL, Excel, Power BI, Python",4
JOB0991,2026-02-01,Project Manager,Business,London,Telecoms,Senior,Degree,Hybrid,77060,"Stakeholder Management, Requirements Analysis, SQL, Power BI",7
JOB0992,2025-09-01,Cloud Engineer,Technology,East of England,Banking,Mid level,Degree,Hybrid,63100,"Cyber Security, APIs, Python, Git",7
JOB0993,2026-09-01,Business Analyst,Business,South East,SaaS,Mid level,Degree,Remote,63700,"Requirements Analysis, Stakeholder Management, Power BI",5
JOB0994,2025-07-01,Operations Analyst,Operations,South West,Public Sector,Senior,Degree,Hybrid,65813,"Python, Excel, SQL, Power BI, Process Improvement",6
JOB0995,2025-10-01,Operations Analyst,Operations,East of England,FinTech,Mid level,Degree,Hybrid,48840,"Excel, SQL, Python, Power BI, Forecasting",7
JOB0996,2026-11-01,Cyber Security Analyst,Technology,East of England,SaaS,Senior,Master's,Hybrid,76420,"Python, Linux, APIs, AWS",6
JOB0997,2025-11-01,Cloud Engineer,Technology,South East,Insurance,Mid level,No degree,Remote,50138,"AWS, APIs, Python, SQL",1
JOB0998,2026-01-01,Operations Analyst,Operations,East of England,Consulting,Senior,Master's,On-site,71676,"Excel, Python, Process Improvement, Forecasting, SQL",4
JOB0999,2025-06-01,Cloud Engineer,Technology,North East,Insurance,Mid level,Master's,Hybrid,49252,"AWS, SQL, Python, Docker, Cyber Security",7
JOB1000,2025-12-01,Data Scientist,Data,Scotland,E-commerce,Mid level,No degree,Hybrid,45214,"Statistics, Data Visualisation, Tableau",3
JOB1001,2026-07-01,BI Analyst,Data,South East,Public Sector,Entry level,Degree,Hybrid,31414,"Excel, SQL, Pandas, Tableau",5
JOB1002,2025-05-01,Cloud Engineer,Technology,Wales,HealthTech,Senior,No degree,Remote,79599,"AWS, Cyber Security, Git, Linux, Docker",2
JOB1003,2025-08-01,Cloud Engineer,Technology,Yorkshire & Humber,E-commerce,Entry level,Master's,Hybrid,32250,"Git, SQL, Cyber Security, Docker",5
JOB1004,2025-05-01,Cyber Security Analyst,Technology,North West,Insurance,Mid level,No degree,Hybrid,47962,"Python, AWS, APIs, Git, Cyber Security",6
JOB1005,2025-04-01,Data Analyst,Data,South East,Consulting,Senior,No degree,Remote,79443,"Excel, Power BI, Data Visualisation, Tableau",2
JOB1006,2025-12-01,Project Manager,Business,East of England,SaaS,Mid level,Degree,On-site,53135,"Agile, SQL, Power BI, Excel, Jira",4
JOB1007,2026-05-01,Software Engineer,Technology,East of England,FinTech,Mid level,Degree,Hybrid,55907,"Cyber Security, APIs, Linux, AWS",5
JOB1008,2026-03-01,Cyber Security Analyst,Technology,West Midlands,FinTech,Senior,Master's,Hybrid,74854,"Python, APIs, SQL, Cyber Security",7
JOB1009,2025-06-01,Project Manager,Business,London,Insurance,Entry level,Master's,On-site,58319,"Excel, Agile, Power BI, SQL",1
JOB1010,2025-09-01,Financial Analyst,Finance,South East,Telecoms,Mid level,Degree,Hybrid,52985,"Python, Forecasting, Financial Modelling, SQL",8
JOB1011,2026-09-01,Financial Analyst,Finance,West Midlands,Insurance,Mid level,No degree,Hybrid,47083,"Excel, Financial Modelling, Forecasting, Power BI, Python",7
JOB1012,2026-03-01,Cyber Security Analyst,Technology,South West,Insurance,Entry level,Degree,Remote,47390,"SQL, Docker, Git, APIs, Cyber Security",3
JOB1013,2025-06-01,Software Engineer,Technology,West Midlands,SaaS,Mid level,Degree,Remote,52906,"Git, Cyber Security, Docker, APIs, Linux",4
JOB1014,2026-02-01,Cyber Security Analyst,Technology,Scotland,Insurance,Mid level,Degree,On-site,49483,"SQL, Git, Docker",2
JOB1015,2026-01-01,Project Manager,Business,Yorkshire & Humber,SaaS,Senior,No degree,Remote,60662,"Excel, SQL, Jira",5
JOB1016,2026-03-01,Project Manager,Business,North East,Insurance,Entry level,Degree,Remote,32535,"Jira, Power BI, Stakeholder Management, SQL",4
JOB1017,2026-03-01,Software Engineer,Technology,South East,Retail,Senior,No degree,Hybrid,78137,"AWS, APIs, Cyber Security, Docker, SQL",5
JOB1018,2025-09-01,Cyber Security Analyst,Technology,South West,HealthTech,Mid level,Degree,Hybrid,54171,"APIs, Cyber Security, Git",7
JOB1019,2025-02-01,Cyber Security Analyst,Technology,Yorkshire & Humber,SaaS,Entry level,Master's,Hybrid,43933,"Git, Python, Docker, Cyber Security, Linux",4
JOB1020,2025-09-01,Data Analyst,Data,Yorkshire & Humber,Telecoms,Mid level,Master's,Remote,50813,"Statistics, Power BI, Data Visualisation, Pandas",4
JOB1021,2025-05-01,Product Analyst,Data,East of England,HealthTech,Mid level,Degree,Remote,55443,"Excel, Data Visualisation, Pandas, Python, Power BI",6
JOB1022,2025-12-01,Digital Marketing Analyst,Marketing,London,Retail,Entry level,Degree,Hybrid,44057,"Excel, A/B Testing, SQL, Google Analytics, Python",7
JOB1023,2025-07-01,Business Analyst,Business,Scotland,Public Sector,Mid level,No degree,Hybrid,43453,"Requirements Analysis, Jira, Agile, Stakeholder Management",5
JOB1024,2025-11-01,Product Analyst,Data,South East,FinTech,Entry level,No degree,Hybrid,55522,"Data Visualisation, Python, Statistics",3
JOB1025,2026-06-01,Software Engineer,Technology,Scotland,HealthTech,Entry level,Degree,Remote,44294,"Python, Git, AWS",2
JOB1026,2026-03-01,Digital Marketing Analyst,Marketing,North East,Telecoms,Senior,Degree,Remote,58381,"Python, Power BI, Excel, A/B Testing",2
JOB1027,2025-11-01,Cyber Security Analyst,Technology,London,Telecoms,Entry level,No degree,Hybrid,45404,"Python, Docker, SQL",7
JOB1028,2025-02-01,Business Analyst,Business,East of England,FinTech,Entry level,Degree,On-site,32785,"Requirements Analysis, Power BI, Stakeholder Management, Agile",5
JOB1029,2026-05-01,Data Analyst,Data,North West,Consulting,Mid level,Degree,On-site,38058,"Python, Pandas, Tableau, Power BI, Excel",7
JOB1030,2025-01-01,Product Analyst,Data,South East,Insurance,Mid level,Degree,Hybrid,56699,"Statistics, Data Visualisation, Python",6
JOB1031,2026-08-01,Operations Analyst,Operations,West Midlands,HealthTech,Entry level,No degree,Hybrid,24000,"SQL, Power BI, Python, Excel",6
JOB1032,2025-07-01,Project Manager,Business,London,Public Sector,Mid level,Degree,Remote,55596,"Jira, Requirements Analysis, Excel",5
JOB1033,2025-10-01,Project Manager,Business,Scotland,Public Sector,Senior,Degree,Hybrid,77334,"SQL, Requirements Analysis, Jira, Stakeholder Management, Excel",6
JOB1034,2026-09-01,Project Manager,Business,North West,E-commerce,Entry level,Degree,Hybrid,40146,"Agile, Jira, Excel, Stakeholder Management, Power BI",6
JOB1035,2025-06-01,Cyber Security Analyst,Technology,Scotland,FinTech,Mid level,Master's,Hybrid,47370,"Docker, SQL, AWS, APIs",7
JOB1036,2025-06-01,Product Analyst,Data,Northern Ireland,Public Sector,Entry level,Degree,On-site,32360,"Power BI, Python, Data Visualisation",4
JOB1037,2026-05-01,Product Analyst,Data,South West,FinTech,Senior,No degree,Remote,69097,"Excel, Tableau, Python, Power BI",3
JOB1038,2026-04-01,Business Analyst,Business,Scotland,Retail,Senior,Degree,On-site,73678,"Jira, Requirements Analysis, Excel, Agile, SQL",8
JOB1039,2026-06-01,Operations Analyst,Operations,North West,FinTech,Senior,Degree,Hybrid,66714,"Power BI, Process Improvement, Excel, Forecasting",8
JOB1040,2026-05-01,Cloud Engineer,Technology,London,Retail,Entry level,Degree,On-site,53858,"Git, Python, APIs, SQL, Docker",5
JOB1041,2026-04-01,Data Scientist,Data,West Midlands,Banking,Entry level,Degree,Hybrid,40099,"Pandas, Excel, Statistics",7
JOB1042,2026-03-01,Data Scientist,Data,North West,SaaS,Mid level,No degree,On-site,53022,"Statistics, Python, Data Visualisation, Tableau, SQL",8
JOB1043,2026-04-01,BI Analyst,Data,Yorkshire & Humber,E-commerce,Senior,Degree,Hybrid,70497,"Excel, Pandas, Python, Tableau",5
JOB1044,2025-03-01,Product Analyst,Data,West Midlands,Banking,Senior,Master's,On-site,71252,"Statistics, Power BI, SQL",2
JOB1045,2026-03-01,Cloud Engineer,Technology,Scotland,Public Sector,Entry level,Degree,Remote,36457,"Cyber Security, APIs, Docker, AWS",3
JOB1046,2025-09-01,Operations Analyst,Operations,South East,Consulting,Senior,No degree,Remote,79168,"SQL, Python, Power BI, Process Improvement",3
JOB1047,2025-04-01,Data Scientist,Data,North West,Consulting,Mid level,Master's,Hybrid,63899,"SQL, Python, Data Visualisation",4
JOB1048,2026-09-01,Business Analyst,Business,West Midlands,E-commerce,Mid level,No degree,Hybrid,44643,"Excel, Stakeholder Management, Agile, Jira",7
JOB1049,2026-07-01,BI Analyst,Data,Yorkshire & Humber,Banking,Senior,No degree,Hybrid,66314,"Data Visualisation, Tableau, Pandas, SQL, Power BI",7
JOB1050,2026-04-01,Business Analyst,Business,London,FinTech,Entry level,Degree,Hybrid,48676,"Jira, SQL, Stakeholder Management, Agile, Power BI",6
JOB1051,2025-02-01,Software Engineer,Technology,Wales,Telecoms,Entry level,Master's,Remote,34968,"APIs, Git, Cyber Security",3
JOB1052,2026-08-01,Business Analyst,Business,Yorkshire & Humber,E-commerce,Mid level,Degree,Remote,53810,"Agile, Jira, Stakeholder Management, Power BI",6
JOB1053,2026-04-01,Operations Analyst,Operations,South West,Banking,Entry level,Degree,Hybrid,26325,"Power BI, Python, SQL, Excel, Forecasting",6
JOB1054,2026-06-01,Data Scientist,Data,London,Banking,Senior,Degree,Hybrid,89201,"SQL, Tableau, Data Visualisation",6
JOB1055,2026-09-01,Project Manager,Business,South East,Insurance,Senior,Degree,Hybrid,65229,"Stakeholder Management, Excel, Agile, Power BI",9
JOB1056,2025-05-01,Cloud Engineer,Technology,East of England,Public Sector,Mid level,Degree,Hybrid,46086,"Cyber Security, APIs, Linux, SQL, Python",6
JOB1057,2026-03-01,BI Analyst,Data,London,Telecoms,Senior,Degree,On-site,72736,"Power BI, Excel, Tableau",4
JOB1058,2026-08-01,BI Analyst,Data,East of England,Insurance,Senior,Degree,Remote,75584,"SQL, Data Visualisation, Excel, Pandas, Python",4
JOB1059,2025-11-01,Product Analyst,Data,South East,Retail,Mid level,Degree,Hybrid,49888,"Tableau, Power BI, Python, SQL",5
JOB1060,2025-11-01,Business Analyst,Business,North West,Retail,Mid level,Master's,Hybrid,39870,"Power BI, SQL, Jira, Excel, Stakeholder Management",5
JOB1061,2025-06-01,Business Analyst,Business,London,SaaS,Mid level,Degree,Hybrid,53641,"Power BI, Jira, Requirements Analysis",7
JOB1062,2025-03-01,Data Analyst,Data,Yorkshire & Humber,Insurance,Entry level,Master's,Hybrid,38000,"Python, Excel, Tableau",7
JOB1063,2026-10-01,Cloud Engineer,Technology,East of England,FinTech,Senior,Degree,Hybrid,73254,"APIs, Git, Cyber Security",5
JOB1064,2026-05-01,Product Analyst,Data,North West,FinTech,Entry level,Degree,Remote,39589,"Python, Excel, Tableau",4
JOB1065,2025-01-01,Cloud Engineer,Technology,East of England,Insurance,Mid level,Master's,Hybrid,60962,"Python, Git, Linux",5
JOB1066,2025-02-01,Business Analyst,Business,Scotland,Telecoms,Entry level,No degree,Hybrid,34188,"Excel, SQL, Agile, Stakeholder Management",4
JOB1067,2025-03-01,Project Manager,Business,East of England,E-commerce,Entry level,Degree,Remote,40153,"Excel, Stakeholder Management, Requirements Analysis, Power BI",3
JOB1068,2026-10-01,Software Engineer,Technology,Wales,E-commerce,Entry level,Degree,Hybrid,35856,"AWS, Git, Python",9
JOB1069,2025-06-01,Cloud Engineer,Technology,London,Insurance,Mid level,Degree,Hybrid,60093,"SQL, AWS, Python, Cyber Security, APIs",7
JOB1070,2025-06-01,Cloud Engineer,Technology,South West,HealthTech,Entry level,Degree,Hybrid,37688,"APIs, Linux, Git, Cyber Security, SQL",6
JOB1071,2025-05-01,Software Engineer,Technology,North East,Insurance,Mid level,Degree,Hybrid,47014,"SQL, APIs, Cyber Security",6
JOB1072,2026-09-01,Software Engineer,Technology,Wales,Insurance,Senior,Master's,Remote,82159,"Cyber Security, SQL, APIs, Linux, Git",2
JOB1073,2026-04-01,Business Analyst,Business,Wales,SaaS,Entry level,Master's,Hybrid,32031,"Power BI, SQL, Jira, Stakeholder Management",5
JOB1074,2026-11-01,Software Engineer,Technology,North West,Insurance,Senior,Master's,Remote,77616,"Cyber Security, APIs, Docker, Python",2
JOB1075,2025-05-01,Data Scientist,Data,North East,FinTech,Mid level,Degree,Hybrid,44356,"Tableau, Power BI, Statistics, Python",6
JOB1076,2026-05-01,BI Analyst,Data,North West,E-commerce,Mid level,Master's,Remote,36972,"Pandas, Data Visualisation, Power BI",3
JOB1077,2026-08-01,Project Manager,Business,London,E-commerce,Mid level,Degree,Remote,60052,"Power BI, Stakeholder Management, SQL",4
JOB1078,2025-03-01,Product Analyst,Data,East of England,Retail,Mid level,Degree,Hybrid,47111,"Tableau, SQL, Pandas, Power BI",7
JOB1079,2025-08-01,BI Analyst,Data,London,Banking,Senior,Degree,Hybrid,84900,"SQL, Pandas, Excel",6
JOB1080,2026-06-01,Business Analyst,Business,East of England,E-commerce,Mid level,Degree,Remote,48124,"Power BI, Requirements Analysis, Excel, Agile",5
JOB1081,2025-09-01,Cyber Security Analyst,Technology,South East,Insurance,Entry level,No degree,On-site,48896,"Python, Git, AWS",2
JOB1082,2026-08-01,Project Manager,Business,South East,Consulting,Entry level,Degree,Hybrid,28020,"Stakeholder Management, Requirements Analysis, SQL",5
JOB1083,2026-09-01,Financial Analyst,Finance,East of England,SaaS,Mid level,Degree,Remote,51031,"SQL, Forecasting, Financial Modelling",3
JOB1084,2025-10-01,Cloud Engineer,Technology,Scotland,FinTech,Mid level,No degree,Hybrid,47312,"SQL, APIs, Linux",4
JOB1085,2025-11-01,Software Engineer,Technology,North West,Public Sector,Mid level,No degree,Hybrid,67135,"SQL, APIs, Python",5
JOB1086,2025-06-01,Product Analyst,Data,Wales,Banking,Entry level,Master's,Remote,49614,"Tableau, Excel, Python",3
JOB1087,2025-11-01,Cyber Security Analyst,Technology,London,E-commerce,Mid level,Master's,Hybrid,59173,"SQL, Cyber Security, Git, APIs",6
JOB1088,2025-03-01,Data Analyst,Data,South West,Telecoms,Mid level,Degree,Remote,39000,"Pandas, Python, Statistics",6
JOB1089,2026-05-01,Business Analyst,Business,Yorkshire & Humber,Consulting,Entry level,Master's,Hybrid,39664,"Agile, SQL, Power BI",4
JOB1090,2025-11-01,Operations Analyst,Operations,West Midlands,E-commerce,Entry level,Degree,Hybrid,40469,"Excel, Python, Power BI, Forecasting",4
JOB1091,2026-05-01,Financial Analyst,Finance,North West,Retail,Senior,Degree,Remote,59365,"Excel, SQL, Financial Modelling, Power BI, Python",4
JOB1092,2025-01-01,Project Manager,Business,East of England,FinTech,Mid level,Degree,Remote,53959,"Stakeholder Management, Excel, Power BI, Requirements Analysis",3
JOB1093,2026-01-01,Business Analyst,Business,Scotland,Insurance,Entry level,Degree,Remote,32377,"Power BI, Excel, Requirements Analysis, Stakeholder Management",4
JOB1094,2026-11-01,BI Analyst,Data,Yorkshire & Humber,Retail,Entry level,Degree,Hybrid,30864,"Statistics, Tableau, SQL, Python, Data Visualisation",4
JOB1095,2025-07-01,BI Analyst,Data,South East,Insurance,Senior,Master's,Hybrid,67257,"Python, Data Visualisation, Tableau, SQL",4
JOB1096,2025-03-01,Operations Analyst,Operations,West Midlands,SaaS,Entry level,Degree,On-site,35260,"Process Improvement, SQL, Forecasting, Excel",4
JOB1097,2026-10-01,Software Engineer,Technology,London,Insurance,Entry level,Master's,Hybrid,59624,"APIs, Linux, Python, Git, Docker",5
JOB1098,2025-07-01,Digital Marketing Analyst,Marketing,London,Insurance,Senior,Degree,Remote,76625,"Google Analytics, SQL, Excel",3
JOB1099,2025-09-01,Digital Marketing Analyst,Marketing,Scotland,Retail,Entry level,Degree,Hybrid,41598,"Power BI, Excel, A/B Testing",6
JOB1100,2026-03-01,Operations Analyst,Operations,Scotland,SaaS,Entry level,No degree,Hybrid,32639,"Python, Excel, Process Improvement",5
JOB1101,2025-09-01,Software Engineer,Technology,London,FinTech,Senior,Master's,Remote,89494,"Python, Linux, Git, SQL, Docker",2
JOB1102,2025-10-01,BI Analyst,Data,London,Insurance,Mid level,Degree,On-site,60538,"Python, Power BI, SQL, Data Visualisation, Statistics",3
JOB1103,2026-12-01,Software Engineer,Technology,West Midlands,Banking,Senior,Degree,Hybrid,78784,"SQL, AWS, Docker, APIs, Linux",6
JOB1104,2026-05-01,Financial Analyst,Finance,Wales,E-commerce,Entry level,Degree,On-site,28620,"Forecasting, Financial Modelling, Power BI, SQL, Python",2
JOB1105,2025-05-01,Cloud Engineer,Technology,London,Insurance,Senior,Degree,Hybrid,76405,"Git, Cyber Security, AWS",6
JOB1106,2025-01-01,Cloud Engineer,Technology,London,Public Sector,Entry level,Degree,Hybrid,50921,"Docker, Git, Python, Cyber Security",7
JOB1107,2025-04-01,Digital Marketing Analyst,Marketing,East of England,Telecoms,Entry level,Master's,Remote,25603,"Python, Google Analytics, Excel",3
JOB1108,2026-12-01,Project Manager,Business,South West,Consulting,Mid level,Degree,Hybrid,57623,"Agile, Requirements Analysis, Jira",6
JOB1109,2025-03-01,Data Scientist,Data,Yorkshire & Humber,E-commerce,Entry level,Degree,Hybrid,40927,"Excel, Tableau, Pandas",7
JOB1110,2026-06-01,Data Analyst,Data,South West,SaaS,Mid level,Degree,Hybrid,55450,"Tableau, Statistics, Pandas",5
JOB1111,2026-04-01,Cloud Engineer,Technology,London,SaaS,Mid level,Degree,Remote,67634,"SQL, AWS, Cyber Security, Docker, Linux",4
JOB1112,2026-01-01,Operations Analyst,Operations,London,FinTech,Senior,Degree,On-site,81927,"Process Improvement, SQL, Power BI, Python",4
JOB1113,2025-02-01,Project Manager,Business,West Midlands,Consulting,Entry level,No degree,Hybrid,44538,"Requirements Analysis, Stakeholder Management, SQL, Excel",5
JOB1114,2026-06-01,Data Scientist,Data,London,HealthTech,Mid level,Degree,Hybrid,76890,"Pandas, Statistics, Power BI, Python",6
JOB1115,2026-11-01,Business Analyst,Business,North West,Consulting,Entry level,Degree,Hybrid,36938,"Agile, Requirements Analysis, SQL",6
JOB1116,2026-10-01,Product Analyst,Data,Yorkshire & Humber,E-commerce,Senior,Degree,Hybrid,68145,"Data Visualisation, Excel, SQL",4
JOB1117,2026-02-01,BI Analyst,Data,East of England,Telecoms,Mid level,Master's,Hybrid,54363,"SQL, Python, Data Visualisation, Excel",5
JOB1118,2025-12-01,Software Engineer,Technology,London,Public Sector,Entry level,Degree,Hybrid,48647,"APIs, AWS, Git, SQL, Cyber Security",7
JOB1119,2025-06-01,Product Analyst,Data,London,Public Sector,Mid level,Master's,Remote,56251,"Pandas, Data Visualisation, Statistics, Tableau, SQL",3
JOB1120,2025-04-01,Cloud Engineer,Technology,London,E-commerce,Mid level,Degree,Hybrid,58208,"AWS, Python, Git",6
JOB1121,2026-10-01,Cloud Engineer,Technology,London,Banking,Entry level,No degree,Hybrid,47261,"APIs, Python, Linux",7
JOB1122,2025-06-01,Product Analyst,Data,London,FinTech,Senior,No degree,Hybrid,78742,"Python, Tableau, Power BI, Excel, Data Visualisation",6
JOB1123,2026-03-01,Product Analyst,Data,South East,Retail,Entry level,Master's,Hybrid,56572,"Data Visualisation, SQL, Statistics, Python, Pandas",7
JOB1124,2026-07-01,BI Analyst,Data,London,SaaS,Mid level,Master's,Remote,55961,"Excel, Power BI, Python, Pandas",3
JOB1125,2025-10-01,Business Analyst,Business,West Midlands,Banking,Mid level,Degree,Hybrid,53011,"Excel, Requirements Analysis, Power BI",5
JOB1126,2026-04-01,Data Analyst,Data,Yorkshire & Humber,Insurance,Entry level,Degree,On-site,34600,"Data Visualisation, Pandas, Excel, Statistics",5
JOB1127,2025-06-01,Financial Analyst,Finance,London,Retail,Mid level,Master's,Hybrid,53032,"Python, Forecasting, SQL, Excel, Power BI",4
JOB1128,2025-10-01,Operations Analyst,Operations,South East,E-commerce,Mid level,Master's,Remote,45146,"Python, Process Improvement, Excel, Power BI, SQL",1
JOB1129,2026-10-01,Operations Analyst,Operations,Yorkshire & Humber,Public Sector,Mid level,Degree,On-site,38538,"Excel, Python, Forecasting, Power BI, SQL",5
JOB1130,2025-04-01,Project Manager,Business,West Midlands,Banking,Entry level,Degree,Remote,39867,"SQL, Agile, Stakeholder Management, Requirements Analysis, Power BI",4
JOB1131,2026-08-01,Project Manager,Business,South East,Public Sector,Senior,Degree,Hybrid,72362,"Excel, Agile, Stakeholder Management, Requirements Analysis, Jira",5
JOB1132,2025-12-01,Operations Analyst,Operations,South East,Telecoms,Entry level,Degree,On-site,32763,"Excel, SQL, Python, Forecasting, Process Improvement",3
JOB1133,2026-09-01,Financial Analyst,Finance,Northern Ireland,Telecoms,Entry level,No degree,Hybrid,34314,"Python, Financial Modelling, Power BI, SQL, Excel",5
JOB1134,2026-11-01,Financial Analyst,Finance,North East,Insurance,Mid level,No degree,On-site,48389,"Financial Modelling, Python, Excel, Power BI",4
JOB1135,2026-03-01,Operations Analyst,Operations,London,Banking,Entry level,Degree,Hybrid,39175,"Power BI, Process Improvement, Python, Forecasting, Excel",5
JOB1136,2025-01-01,Cloud Engineer,Technology,South West,Public Sector,Senior,Degree,Hybrid,74973,"AWS, Docker, APIs",7
JOB1137,2025-11-01,Cloud Engineer,Technology,London,Public Sector,Entry level,No degree,Hybrid,43853,"Linux, Git, Cyber Security, SQL, AWS",4
JOB1138,2026-04-01,Product Analyst,Data,West Midlands,Consulting,Entry level,No degree,Hybrid,35770,"Tableau, SQL, Data Visualisation",5
JOB1139,2025-12-01,Financial Analyst,Finance,London,SaaS,Entry level,Degree,Hybrid,43899,"Forecasting, Power BI, Excel",5
JOB1140,2025-03-01,Digital Marketing Analyst,Marketing,Yorkshire & Humber,SaaS,Mid level,Degree,Hybrid,53804,"A/B Testing, SQL, Power BI, Python, Google Analytics",5
JOB1141,2025-12-01,Product Analyst,Data,South East,Telecoms,Mid level,Master's,Hybrid,54837,"Python, Data Visualisation, SQL, Excel",3
JOB1142,2026-10-01,Business Analyst,Business,Yorkshire & Humber,Consulting,Entry level,Degree,Hybrid,31903,"Requirements Analysis, Power BI, Jira, Agile, Excel",8
JOB1143,2026-11-01,Project Manager,Business,East of England,Retail,Mid level,Degree,Hybrid,63327,"Jira, Agile, Requirements Analysis",6
JOB1144,2026-06-01,Cyber Security Analyst,Technology,Yorkshire & Humber,Consulting,Entry level,Degree,Hybrid,42447,"Linux, Docker, AWS",12
JOB1145,2026-02-01,Operations Analyst,Operations,Scotland,Banking,Entry level,Degree,Hybrid,36455,"Python, Power BI, Process Improvement, Forecasting, Excel",5
JOB1146,2026-03-01,Project Manager,Business,North West,Telecoms,Mid level,Degree,On-site,54462,"Excel, Requirements Analysis, SQL, Stakeholder Management, Jira",6
JOB1147,2025-11-01,Business Analyst,Business,North West,FinTech,Entry level,Degree,On-site,41048,"Stakeholder Management, Jira, SQL",4
JOB1148,2026-04-01,Financial Analyst,Finance,West Midlands,Insurance,Entry level,Degree,Hybrid,29987,"Financial Modelling, Excel, Power BI",6
JOB1149,2025-01-01,Data Analyst,Data,North West,HealthTech,Entry level,Degree,On-site,39837,"Pandas, Tableau, Excel",2
JOB1150,2025-01-01,Software Engineer,Technology,North East,Insurance,Mid level,Degree,Hybrid,64073,"APIs, Cyber Security, Linux, SQL",9
JOB1151,2026-02-01,Software Engineer,Technology,London,Public Sector,Senior,No degree,Remote,84557,"Python, Docker, AWS",4
JOB1152,2026-04-01,Cyber Security Analyst,Technology,London,Telecoms,Senior,Degree,Hybrid,88507,"SQL, Docker, Python, Cyber Security",6
JOB1153,2026-03-01,Operations Analyst,Operations,Yorkshire & Humber,HealthTech,Entry level,Degree,Hybrid,38446,"Process Improvement, SQL, Power BI",7
JOB1154,2025-11-01,Digital Marketing Analyst,Marketing,South West,Insurance,Senior,Degree,Hybrid,62608,"SQL, Google Analytics, Python, Excel",7
JOB1155,2025-04-01,Software Engineer,Technology,London,FinTech,Senior,Master's,Remote,79102,"Python, Git, APIs, Linux, Docker",1
JOB1156,2025-04-01,Business Analyst,Business,North West,Banking,Mid level,No degree,Hybrid,45181,"Agile, Jira, SQL",5
JOB1157,2026-02-01,Business Analyst,Business,South East,FinTech,Entry level,Degree,Hybrid,32129,"Jira, Excel, Requirements Analysis, Agile, Power BI",6
JOB1158,2026-03-01,Data Analyst,Data,Yorkshire & Humber,Insurance,Mid level,Master's,Hybrid,51098,"Tableau, Power BI, SQL, Excel",7
JOB1159,2025-03-01,Operations Analyst,Operations,London,SaaS,Senior,Degree,Hybrid,84918,"Power BI, Forecasting, SQL, Python, Excel",6
JOB1160,2025-01-01,Data Scientist,Data,South East,Consulting,Mid level,Degree,Hybrid,62475,"Statistics, Tableau, Pandas, Excel, Power BI",5
JOB1161,2025-03-01,Cloud Engineer,Technology,Scotland,Consulting,Entry level,No degree,On-site,48620,"Cyber Security, Git, SQL",5
JOB1162,2026-04-01,Financial Analyst,Finance,South East,E-commerce,Entry level,Degree,On-site,45515,"Excel, SQL, Forecasting, Python, Power BI",5
JOB1163,2026-02-01,Cyber Security Analyst,Technology,South East,Banking,Entry level,Degree,Remote,47039,"Cyber Security, Python, APIs, Linux",3
JOB1164,2026-02-01,Cyber Security Analyst,Technology,East of England,Insurance,Senior,Master's,Hybrid,77953,"SQL, APIs, Docker, Cyber Security",4
JOB1165,2026-06-01,Operations Analyst,Operations,Yorkshire & Humber,SaaS,Mid level,Degree,Hybrid,41660,"Process Improvement, Python, Power BI, SQL, Excel",5
JOB1166,2026-10-01,Data Analyst,Data,South East,SaaS,Mid level,No degree,Remote,59573,"Pandas, Data Visualisation, Power BI, Python, SQL",3
JOB1167,2025-05-01,Product Analyst,Data,London,E-commerce,Mid level,Master's,On-site,61087,"Data Visualisation, Excel, Pandas, Tableau",3
JOB1168,2025-07-01,BI Analyst,Data,South West,Banking,Entry level,Degree,On-site,35432,"Data Visualisation, Power BI, Python, Pandas",3
JOB1169,2026-01-01,Product Analyst,Data,South West,Telecoms,Mid level,Degree,Remote,54080,"Data Visualisation, Excel, Python",4
JOB1170,2026-03-01,Cyber Security Analyst,Technology,South East,FinTech,Entry level,Degree,Remote,47423,"Cyber Security, Python, Docker, Git",3
JOB1171,2026-11-01,BI Analyst,Data,West Midlands,E-commerce,Mid level,No degree,Hybrid,47321,"Pandas, Statistics, Tableau, Python, Excel",4
JOB1172,2025-12-01,Project Manager,Business,North West,E-commerce,Senior,Degree,Remote,75077,"Power BI, Excel, Jira, Agile",5
JOB1173,2026-09-01,Software Engineer,Technology,London,E-commerce,Entry level,Degree,Remote,54387,"Docker, Git, Linux",5
JOB1174,2025-09-01,Data Scientist,Data,South West,E-commerce,Entry level,Master's,Hybrid,44899,"SQL, Pandas, Python, Statistics",5
JOB1175,2026-07-01,Data Analyst,Data,Yorkshire & Humber,HealthTech,Mid level,No degree,On-site,48437,"Pandas, Statistics, SQL, Excel",5
JOB1176,2026-10-01,Software Engineer,Technology,Scotland,Insurance,Entry level,No degree,Hybrid,49267,"APIs, Git, Cyber Security, Python, AWS",4
JOB1177,2025-12-01,Operations Analyst,Operations,South West,Consulting,Mid level,No degree,Hybrid,34294,"Python, Power BI, Excel, Process Improvement",7
JOB1178,2026-11-01,Cloud Engineer,Technology,London,Consulting,Entry level,Master's,Hybrid,52745,"Linux, SQL, APIs, Docker, Git",5
JOB1179,2026-02-01,Product Analyst,Data,North West,Consulting,Mid level,Degree,Remote,49460,"Python, Data Visualisation, Pandas, Tableau, Statistics",2
JOB1180,2025-12-01,Data Analyst,Data,London,Consulting,Mid level,Degree,Remote,61627,"Statistics, Python, Tableau, Excel, Data Visualisation",7
JOB1181,2025-08-01,Software Engineer,Technology,West Midlands,Retail,Entry level,Degree,Hybrid,42702,"SQL, Docker, AWS, Cyber Security",6
JOB1182,2026-02-01,Project Manager,Business,South East,E-commerce,Entry level,Degree,On-site,38658,"Requirements Analysis, Jira, Power BI, Agile, Excel",3
JOB1183,2025-09-01,Digital Marketing Analyst,Marketing,South East,Insurance,Entry level,Degree,Hybrid,34489,"A/B Testing, Google Analytics, SQL",5
JOB1184,2026-06-01,Financial Analyst,Finance,Northern Ireland,Consulting,Mid level,Degree,On-site,43107,"Power BI, Forecasting, SQL, Financial Modelling, Excel",5
JOB1185,2026-03-01,Business Analyst,Business,London,HealthTech,Mid level,Degree,On-site,54931,"Agile, SQL, Jira",2
JOB1186,2025-08-01,Financial Analyst,Finance,South East,Public Sector,Senior,Degree,On-site,68483,"Power BI, Forecasting, SQL, Excel",2
JOB1187,2026-06-01,Financial Analyst,Finance,South East,SaaS,Mid level,Degree,Hybrid,49532,"Financial Modelling, Excel, SQL",7
JOB1188,2025-03-01,Software Engineer,Technology,East of England,Telecoms,Entry level,Degree,Remote,36835,"Git, Linux, Docker, AWS",5
JOB1189,2025-07-01,Data Analyst,Data,Scotland,Public Sector,Entry level,Degree,Remote,32607,"Data Visualisation, Power BI, Statistics, SQL",2
JOB1190,2025-02-01,Project Manager,Business,North West,HealthTech,Mid level,Degree,On-site,55118,"Stakeholder Management, SQL, Agile, Excel, Requirements Analysis",4
JOB1191,2026-09-01,Product Analyst,Data,South East,SaaS,Mid level,Degree,Remote,56282,"Data Visualisation, Excel, Statistics, Tableau, SQL",3
JOB1192,2026-08-01,Software Engineer,Technology,London,Banking,Entry level,Master's,On-site,54943,"Linux, Docker, Python, Cyber Security",3
JOB1193,2026-12-01,BI Analyst,Data,London,Public Sector,Mid level,Degree,Hybrid,61268,"Power BI, Data Visualisation, Statistics",5
JOB1194,2026-04-01,Financial Analyst,Finance,East of England,Public Sector,Entry level,Master's,Hybrid,43177,"Python, Forecasting, Power BI, Financial Modelling, Excel",6
JOB1195,2025-10-01,Operations Analyst,Operations,Wales,Public Sector,Senior,Master's,Remote,68904,"Power BI, Excel, Process Improvement, Forecasting, SQL",2
JOB1196,2026-02-01,BI Analyst,Data,South East,Insurance,Mid level,Degree,Hybrid,52479,"Statistics, Power BI, Data Visualisation",6
JOB1197,2026-02-01,Operations Analyst,Operations,Northern Ireland,Consulting,Entry level,Master's,Hybrid,39390,"Power BI, Python, Forecasting",6
JOB1198,2025-01-01,BI Analyst,Data,London,FinTech,Mid level,Master's,Hybrid,61003,"Data Visualisation, Excel, Power BI",5
JOB1199,2026-02-01,BI Analyst,Data,East of England,Banking,Mid level,Master's,Hybrid,59007,"Python, SQL, Excel, Power BI",5
JOB1200,2026-03-01,Digital Marketing Analyst,Marketing,North West,Insurance,Entry level,Master's,Hybrid,28217,"A/B Testing, SQL, Google Analytics, Excel, Python",5
JOB1201,2025-09-01,Software Engineer,Technology,Northern Ireland,Retail,Mid level,No degree,Hybrid,53573,"Docker, AWS, Python, SQL",4
JOB1202,2026-04-01,Cloud Engineer,Technology,Wales,Public Sector,Mid level,Degree,Hybrid,59782,"SQL, Python, AWS, Git",5
JOB1203,2026-03-01,Data Scientist,Data,London,Retail,Entry level,Degree,Remote,55384,"Statistics, Python, Power BI, Pandas",3
JOB1204,2025-07-01,Cloud Engineer,Technology,Scotland,Telecoms,Senior,Degree,Hybrid,66185,"Git, Docker, Linux, Cyber Security, SQL",8
JOB1205,2026-10-01,Financial Analyst,Finance,London,Retail,Entry level,Degree,Hybrid,57985,"SQL, Power BI, Python",6
JOB1206,2026-02-01,Project Manager,Business,London,Telecoms,Entry level,Degree,Hybrid,46316,"Agile, SQL, Jira",5
JOB1207,2025-06-01,Data Analyst,Data,West Midlands,HealthTech,Senior,Degree,Hybrid,67811,"Statistics, Pandas, Excel, Tableau",7
JOB1208,2026-01-01,Data Scientist,Data,London,Retail,Entry level,Degree,Hybrid,45577,"SQL, Power BI, Pandas, Statistics, Data Visualisation",5
JOB1209,2026-02-01,Digital Marketing Analyst,Marketing,London,Insurance,Entry level,Degree,Remote,39179,"Google Analytics, Python, Excel, A/B Testing",3
JOB1210,2025-01-01,Operations Analyst,Operations,South West,Telecoms,Senior,No degree,Hybrid,68484,"SQL, Python, Power BI",5
JOB1211,2026-06-01,Business Analyst,Business,East of England,HealthTech,Mid level,Degree,On-site,45737,"SQL, Agile, Excel, Stakeholder Management, Jira",2
JOB1212,2025-01-01,BI Analyst,Data,Yorkshire & Humber,Insurance,Senior,No degree,Hybrid,67614,"Power BI, Python, Statistics, Excel, Data Visualisation",4
JOB1213,2026-03-01,Data Analyst,Data,North West,Public Sector,Mid level,Degree,Hybrid,54546,"Data Visualisation, SQL, Excel, Statistics",5
JOB1214,2025-03-01,Operations Analyst,Operations,Yorkshire & Humber,Consulting,Entry level,Degree,Remote,32994,"Forecasting, Excel, Python",5
JOB1215,2026-01-01,Data Analyst,Data,London,HealthTech,Senior,Degree,Remote,75583,"Statistics, Data Visualisation, Power BI",3
JOB1216,2025-01-01,Data Analyst,Data,Scotland,FinTech,Entry level,Degree,On-site,44625,"Statistics, Power BI, Data Visualisation",4
JOB1217,2025-11-01,Project Manager,Business,North East,Telecoms,Entry level,Degree,Remote,32212,"Requirements Analysis, Power BI, Stakeholder Management, Excel",2
JOB1218,2026-07-01,Digital Marketing Analyst,Marketing,East of England,Banking,Entry level,Degree,Hybrid,31015,"SQL, A/B Testing, Excel, Google Analytics, Power BI",6
JOB1219,2025-07-01,Cloud Engineer,Technology,West Midlands,Retail,Senior,Degree,Hybrid,75874,"AWS, SQL, Cyber Security",4
JOB1220,2026-06-01,Data Scientist,Data,East of England,Insurance,Mid level,Degree,Remote,55524,"Power BI, Python, Pandas, Tableau, Excel",4
JOB1221,2026-12-01,BI Analyst,Data,North West,SaaS,Entry level,No degree,Remote,24654,"Statistics, Pandas, Python",5
JOB1222,2026-09-01,Operations Analyst,Operations,London,E-commerce,Mid level,No degree,Hybrid,59755,"Python, Process Improvement, Power BI, SQL",5
JOB1223,2025-06-01,Data Analyst,Data,North East,E-commerce,Mid level,Degree,Hybrid,37760,"Pandas, Statistics, SQL, Data Visualisation",5
JOB1224,2025-01-01,Operations Analyst,Operations,London,FinTech,Senior,Degree,Hybrid,74492,"Forecasting, Power BI, Process Improvement, Python, Excel",5
JOB1225,2026-06-01,Financial Analyst,Finance,South West,HealthTech,Senior,Degree,Hybrid,75085,"Financial Modelling, Power BI, Excel",10
JOB1226,2026-03-01,Product Analyst,Data,East of England,Public Sector,Entry level,Master's,Remote,53903,"Tableau, Statistics, Python",3
JOB1227,2026-11-01,Software Engineer,Technology,South East,FinTech,Mid level,Master's,On-site,46795,"AWS, Docker, Python",3
JOB1228,2026-12-01,Operations Analyst,Operations,London,SaaS,Entry level,Degree,Hybrid,50339,"Power BI, Excel, SQL",5
JOB1229,2025-08-01,Digital Marketing Analyst,Marketing,Wales,Insurance,Entry level,Master's,Hybrid,24000,"A/B Testing, Google Analytics, SQL",8
JOB1230,2026-07-01,Cyber Security Analyst,Technology,South East,Banking,Senior,Degree,Hybrid,73613,"Linux, AWS, SQL, Python, Docker",7
JOB1231,2026-05-01,Digital Marketing Analyst,Marketing,Wales,Consulting,Mid level,Degree,Hybrid,42335,"Power BI, A/B Testing, Python, SQL, Excel",7
JOB1232,2025-01-01,Business Analyst,Business,South East,HealthTech,Senior,Degree,On-site,63162,"Requirements Analysis, Jira, Excel, Power BI, Agile",4
JOB1233,2025-06-01,Data Analyst,Data,West Midlands,Banking,Mid level,Degree,Hybrid,51559,"Statistics, SQL, Excel",6
JOB1234,2025-04-01,Product Analyst,Data,South West,Telecoms,Entry level,Degree,Hybrid,34444,"Pandas, Data Visualisation, Python",5
JOB1235,2026-02-01,Financial Analyst,Finance,South East,Retail,Mid level,Degree,Hybrid,46029,"Forecasting, SQL, Python, Excel, Financial Modelling",4
JOB1236,2026-09-01,Data Scientist,Data,East of England,Consulting,Mid level,Degree,On-site,49785,"Pandas, Tableau, Excel, SQL, Statistics",4
JOB1237,2026-12-01,Digital Marketing Analyst,Marketing,Yorkshire & Humber,Retail,Entry level,Degree,On-site,24000,"Python, A/B Testing, Power BI",5
JOB1238,2026-02-01,Business Analyst,Business,South East,Public Sector,Entry level,Degree,Remote,39001,"Power BI, Excel, Jira",3
JOB1239,2025-03-01,Software Engineer,Technology,London,SaaS,Mid level,Degree,Hybrid,58764,"Docker, APIs, AWS, Python",5
JOB1240,2026-10-01,Product Analyst,Data,Northern Ireland,FinTech,Mid level,Degree,Remote,54774,"Tableau, Data Visualisation, SQL, Excel, Python",3
JOB1241,2026-09-01,Product Analyst,Data,South East,E-commerce,Mid level,Degree,Remote,50097,"Data Visualisation, Tableau, Statistics, Power BI",7
JOB1242,2025-08-01,Data Analyst,Data,Yorkshire & Humber,Telecoms,Mid level,Degree,On-site,58522,"Python, Pandas, Statistics, Power BI",2
JOB1243,2025-01-01,Cloud Engineer,Technology,Scotland,HealthTech,Entry level,Master's,Remote,38693,"Docker, SQL, Linux, Python",5
JOB1244,2025-10-01,Data Scientist,Data,North West,HealthTech,Mid level,Degree,Remote,57587,"Python, SQL, Power BI",2
JOB1245,2026-06-01,Digital Marketing Analyst,Marketing,South West,HealthTech,Mid level,Degree,Remote,43329,"Python, Excel, Google Analytics",4
JOB1246,2026-04-01,Software Engineer,Technology,London,Retail,Senior,Degree,Hybrid,86792,"Docker, Linux, Git, Cyber Security",6
JOB1247,2026-08-01,Data Analyst,Data,South West,Telecoms,Entry level,Degree,On-site,29837,"Statistics, Python, Power BI, Tableau, Data Visualisation",4
JOB1248,2025-12-01,Business Analyst,Business,South East,Public Sector,Mid level,Degree,On-site,52374,"Stakeholder Management, Requirements Analysis, Jira",6
JOB1249,2025-07-01,Data Analyst,Data,London,E-commerce,Mid level,No degree,Hybrid,57443,"Tableau, Statistics, Pandas, Power BI",4
JOB1250,2025-02-01,Cyber Security Analyst,Technology,South East,SaaS,Senior,Master's,Hybrid,81112,"Python, Docker, Linux",6
JOB1251,2026-04-01,Project Manager,Business,London,HealthTech,Senior,Degree,Remote,87285,"SQL, Requirements Analysis, Power BI, Stakeholder Management",5
JOB1252,2025-07-01,Cyber Security Analyst,Technology,Wales,Retail,Entry level,No degree,On-site,46066,"Python, Linux, Docker, Git",2
JOB1253,2025-03-01,Financial Analyst,Finance,London,Consulting,Mid level,Master's,On-site,51807,"Forecasting, Power BI, SQL",3
JOB1254,2025-12-01,Business Analyst,Business,East of England,FinTech,Entry level,Degree,Hybrid,42453,"Stakeholder Management, Jira, Power BI",5
JOB1255,2026-07-01,Cloud Engineer,Technology,Wales,Banking,Mid level,Degree,Hybrid,61527,"Linux, Python, APIs",5
JOB1256,2025-11-01,Project Manager,Business,North West,HealthTech,Mid level,Master's,Hybrid,46682,"Jira, Excel, Agile, Requirements Analysis",6
JOB1257,2026-02-01,BI Analyst,Data,London,Consulting,Mid level,Degree,Hybrid,57110,"Excel, Python, Statistics, Data Visualisation",6
JOB1258,2026-01-01,Business Analyst,Business,London,SaaS,Entry level,Degree,Remote,41757,"Power BI, Requirements Analysis, Stakeholder Management",4
JOB1259,2025-04-01,Financial Analyst,Finance,South West,Telecoms,Entry level,No degree,Hybrid,32789,"Python, SQL, Financial Modelling",8
JOB1260,2026-04-01,Cloud Engineer,Technology,London,E-commerce,Senior,No degree,Remote,81227,"AWS, Docker, Python",4
JOB1261,2025-02-01,Business Analyst,Business,West Midlands,Retail,Entry level,Degree,Remote,34278,"Excel, Power BI, SQL",5
JOB1262,2025-08-01,Data Analyst,Data,South East,SaaS,Entry level,Degree,Remote,45330,"Data Visualisation, SQL, Excel",5
JOB1263,2026-07-01,Data Scientist,Data,Yorkshire & Humber,Insurance,Entry level,Master's,Remote,42318,"Excel, Python, Statistics, Power BI",3
JOB1264,2025-04-01,Data Scientist,Data,Scotland,E-commerce,Entry level,Degree,Hybrid,48620,"Pandas, Python, Statistics, Power BI, Excel",7
JOB1265,2025-08-01,Data Analyst,Data,Scotland,Public Sector,Entry level,Degree,Hybrid,32787,"Statistics, Python, Tableau, Power BI, SQL",7
JOB1266,2025-03-01,Software Engineer,Technology,Yorkshire & Humber,Telecoms,Entry level,Master's,Hybrid,32869,"SQL, Docker, APIs",5
JOB1267,2026-02-01,Project Manager,Business,London,Insurance,Senior,No degree,Hybrid,83729,"Requirements Analysis, Power BI, Excel, SQL, Jira",7
JOB1268,2025-12-01,Software Engineer,Technology,East of England,FinTech,Entry level,No degree,Hybrid,41322,"Cyber Security, Git, AWS, APIs",6
JOB1269,2026-05-01,Business Analyst,Business,South East,Insurance,Entry level,Degree,Hybrid,42223,"Stakeholder Management, Agile, Power BI, Requirements Analysis",6
JOB1270,2025-04-01,Data Analyst,Data,South East,Consulting,Entry level,No degree,Hybrid,29743,"Pandas, Data Visualisation, Statistics, SQL, Excel",4
JOB1271,2025-07-01,Data Scientist,Data,London,Banking,Mid level,Degree,On-site,67769,"Python, Tableau, Data Visualisation, Excel",3
JOB1272,2026-06-01,Operations Analyst,Operations,London,Public Sector,Senior,Degree,Remote,73090,"Process Improvement, SQL, Power BI, Python, Forecasting",3
JOB1273,2025-04-01,Software Engineer,Technology,North West,Banking,Entry level,Degree,Remote,43048,"Python, Git, Cyber Security, SQL",3
JOB1274,2026-02-01,BI Analyst,Data,London,E-commerce,Mid level,Master's,Hybrid,53559,"Python, SQL, Tableau, Excel",6
JOB1275,2026-04-01,Data Analyst,Data,London,E-commerce,Mid level,Degree,Remote,49703,"Statistics, SQL, Tableau",3
JOB1276,2026-07-01,Financial Analyst,Finance,Wales,Telecoms,Senior,Degree,Hybrid,75481,"Excel, SQL, Forecasting, Financial Modelling, Python",7
JOB1277,2026-03-01,Data Analyst,Data,London,Banking,Senior,Degree,Hybrid,75324,"Python, Tableau, Power BI, Excel",8
JOB1278,2026-12-01,Software Engineer,Technology,North East,Telecoms,Entry level,Degree,On-site,36666,"APIs, Python, Git, Docker, SQL",4
JOB1279,2025-04-01,Product Analyst,Data,North West,HealthTech,Mid level,No degree,Remote,51245,"Data Visualisation, Python, Tableau, Power BI, Statistics",3
JOB1280,2025-06-01,Operations Analyst,Operations,South West,Banking,Mid level,No degree,Hybrid,48457,"Process Improvement, Python, Power BI, Excel",3
JOB1281,2026-03-01,Operations Analyst,Operations,London,Retail,Mid level,Degree,Remote,52500,"SQL, Process Improvement, Excel, Power BI",5
JOB1282,2025-06-01,Data Scientist,Data,Wales,E-commerce,Senior,Master's,Hybrid,78417,"Python, SQL, Excel, Statistics",6
JOB1283,2025-07-01,Digital Marketing Analyst,Marketing,East of England,Retail,Mid level,No degree,Hybrid,50068,"Excel, Python, A/B Testing",9
JOB1284,2026-06-01,Operations Analyst,Operations,West Midlands,Insurance,Senior,Master's,Remote,62826,"Process Improvement, SQL, Python",1
JOB1285,2025-05-01,Business Analyst,Business,North West,E-commerce,Entry level,Degree,Hybrid,44534,"Agile, Requirements Analysis, SQL, Power BI",9
JOB1286,2025-02-01,Data Analyst,Data,London,HealthTech,Mid level,Master's,Hybrid,54462,"Tableau, Statistics, Power BI",7
JOB1287,2026-06-01,Financial Analyst,Finance,Wales,Telecoms,Senior,Degree,Hybrid,68637,"Financial Modelling, Forecasting, Power BI, SQL",5
JOB1288,2026-06-01,BI Analyst,Data,North West,SaaS,Senior,Degree,Hybrid,75065,"Power BI, Pandas, Data Visualisation, Tableau, SQL",7
JOB1289,2026-09-01,Operations Analyst,Operations,London,Insurance,Entry level,Degree,Hybrid,43690,"Excel, Process Improvement, Power BI, Python",7
JOB1290,2025-06-01,BI Analyst,Data,South West,Banking,Entry level,Master's,On-site,39075,"Excel, SQL, Pandas, Statistics",4
JOB1291,2025-08-01,Operations Analyst,Operations,North West,HealthTech,Senior,Degree,Hybrid,66590,"SQL, Process Improvement, Forecasting, Power BI, Python",5
JOB1292,2026-11-01,Data Scientist,Data,West Midlands,Consulting,Mid level,Degree,Hybrid,52521,"Tableau, SQL, Excel, Data Visualisation",9
JOB1293,2025-07-01,Software Engineer,Technology,London,Retail,Entry level,Degree,Hybrid,41870,"Cyber Security, AWS, Linux, Git",6
JOB1294,2025-05-01,Data Scientist,Data,North East,HealthTech,Mid level,Degree,Hybrid,58107,"Pandas, Statistics, Tableau",7
JOB1295,2025-07-01,Cyber Security Analyst,Technology,North East,FinTech,Entry level,Master's,Hybrid,31909,"SQL, Linux, Python, APIs, Docker",5
JOB1296,2025-04-01,Project Manager,Business,Yorkshire & Humber,E-commerce,Senior,Degree,Remote,72418,"Requirements Analysis, Stakeholder Management, Jira, Agile, SQL",8
JOB1297,2025-06-01,Data Analyst,Data,London,Consulting,Mid level,Master's,Remote,59372,"Python, Pandas, Power BI, Tableau",3
JOB1298,2025-11-01,Cloud Engineer,Technology,South West,Insurance,Entry level,Degree,Hybrid,41216,"Git, Docker, Python",4
JOB1299,2026-10-01,Cloud Engineer,Technology,South East,Consulting,Entry level,Degree,Hybrid,40503,"Cyber Security, Git, Python, Linux",6
JOB1300,2026-01-01,Digital Marketing Analyst,Marketing,Wales,Insurance,Mid level,Degree,Hybrid,37475,"Python, A/B Testing, Power BI",6
JOB1301,2025-01-01,Software Engineer,Technology,London,HealthTech,Mid level,Degree,Hybrid,71690,"SQL, APIs, Git, Cyber Security, Linux",4
JOB1302,2026-11-01,Cyber Security Analyst,Technology,London,Consulting,Mid level,Degree,Hybrid,57662,"Docker, APIs, Python, Linux, AWS",5
JOB1303,2025-06-01,Digital Marketing Analyst,Marketing,South East,E-commerce,Mid level,Degree,Hybrid,51389,"SQL, Python, A/B Testing, Google Analytics, Power BI",6
JOB1304,2026-11-01,Financial Analyst,Finance,London,Consulting,Senior,Degree,Hybrid,73905,"Excel, SQL, Forecasting",5
JOB1305,2025-10-01,Software Engineer,Technology,South West,HealthTech,Entry level,Master's,Hybrid,35113,"Cyber Security, Linux, Docker, Python",7
JOB1306,2025-07-01,Software Engineer,Technology,Scotland,Public Sector,Entry level,Master's,Hybrid,41545,"Cyber Security, AWS, Docker",4
JOB1307,2026-05-01,Data Scientist,Data,South East,HealthTech,Entry level,Degree,Hybrid,51818,"Excel, Python, SQL",4
JOB1308,2026-02-01,Digital Marketing Analyst,Marketing,North West,FinTech,Senior,Degree,Hybrid,66642,"Google Analytics, A/B Testing, SQL, Excel",7
JOB1309,2025-02-01,Cyber Security Analyst,Technology,South East,Retail,Mid level,Master's,Hybrid,49400,"Linux, APIs, Docker, SQL",5
JOB1310,2026-10-01,Software Engineer,Technology,East of England,Consulting,Mid level,Degree,Hybrid,56355,"APIs, Python, AWS",4
JOB1311,2025-05-01,Product Analyst,Data,North West,Public Sector,Entry level,Degree,Hybrid,47541,"Excel, SQL, Python, Power BI",6
JOB1312,2025-12-01,Data Analyst,Data,West Midlands,Retail,Mid level,Degree,On-site,47744,"Python, SQL, Data Visualisation, Tableau, Excel",6
JOB1313,2025-07-01,Data Scientist,Data,London,Banking,Senior,Degree,Remote,77047,"Statistics, SQL, Tableau, Power BI",2
JOB1314,2026-09-01,Data Analyst,Data,London,Telecoms,Mid level,Degree,Hybrid,70470,"Tableau, Excel, Statistics",4
JOB1315,2025-04-01,Data Analyst,Data,West Midlands,HealthTech,Entry level,Master's,Remote,38500,"Python, SQL, Excel",2
JOB1316,2025-01-01,Operations Analyst,Operations,South West,Consulting,Mid level,Degree,Remote,47359,"Python, SQL, Power BI, Forecasting",4
JOB1317,2025-01-01,Operations Analyst,Operations,London,HealthTech,Entry level,Degree,Remote,35226,"Power BI, Process Improvement, Excel",3
JOB1318,2025-12-01,Product Analyst,Data,Wales,HealthTech,Senior,No degree,Remote,66000,"Python, Power BI, Tableau",3
JOB1319,2026-06-01,Cyber Security Analyst,Technology,South East,Retail,Entry level,Master's,Hybrid,44342,"Docker, SQL, Linux, Cyber Security",6
JOB1320,2025-01-01,Product Analyst,Data,South East,Retail,Mid level,Master's,Remote,47258,"Statistics, SQL, Tableau, Power BI",2
JOB1321,2026-02-01,Operations Analyst,Operations,South East,Public Sector,Mid level,Degree,Remote,46126,"Process Improvement, SQL, Forecasting, Excel, Python",5
JOB1322,2026-02-01,Operations Analyst,Operations,West Midlands,HealthTech,Mid level,No degree,Hybrid,45756,"SQL, Forecasting, Power BI, Excel",4
JOB1323,2025-08-01,Operations Analyst,Operations,London,Telecoms,Mid level,Degree,Hybrid,53251,"Excel, SQL, Forecasting",4
JOB1324,2026-06-01,Digital Marketing Analyst,Marketing,South East,SaaS,Entry level,Degree,Remote,44223,"Google Analytics, Power BI, A/B Testing, SQL",4
JOB1325,2026-01-01,Cloud Engineer,Technology,South East,Public Sector,Mid level,Master's,Hybrid,53366,"Python, Cyber Security, APIs",4
JOB1326,2025-04-01,Project Manager,Business,East of England,Banking,Mid level,Degree,Hybrid,61078,"Stakeholder Management, SQL, Jira, Agile",7
JOB1327,2025-10-01,BI Analyst,Data,West Midlands,Banking,Mid level,Degree,On-site,59305,"Tableau, SQL, Pandas, Data Visualisation",3
JOB1328,2026-11-01,Data Analyst,Data,London,HealthTech,Entry level,Degree,Hybrid,32386,"Python, SQL, Data Visualisation, Excel",5
JOB1329,2026-01-01,Operations Analyst,Operations,South East,Telecoms,Entry level,Master's,Hybrid,37746,"Power BI, Process Improvement, Excel",7
JOB1330,2025-05-01,Software Engineer,Technology,London,HealthTech,Mid level,Degree,Remote,55701,"SQL, Cyber Security, Python",4
JOB1331,2025-04-01,Business Analyst,Business,Scotland,Insurance,Entry level,Master's,Remote,36642,"Agile, Stakeholder Management, Requirements Analysis",3
JOB1332,2025-05-01,Data Analyst,Data,Yorkshire & Humber,E-commerce,Entry level,Degree,Hybrid,33623,"Data Visualisation, Python, Pandas, SQL",7
JOB1333,2026-06-01,Cloud Engineer,Technology,London,SaaS,Entry level,Degree,Hybrid,48042,"Docker, Python, Linux",7
JOB1334,2026-07-01,Operations Analyst,Operations,North West,Public Sector,Entry level,Degree,On-site,32548,"Process Improvement, Excel, Forecasting",4
JOB1335,2026-12-01,BI Analyst,Data,South West,Banking,Entry level,Degree,Remote,33545,"Excel, SQL, Pandas, Tableau",4
JOB1336,2026-10-01,Financial Analyst,Finance,South East,Insurance,Entry level,Degree,Remote,40785,"Power BI, Python, Excel, Forecasting, Financial Modelling",5
JOB1337,2025-05-01,BI Analyst,Data,North West,Insurance,Senior,Degree,Hybrid,73024,"Pandas, SQL, Excel",5
JOB1338,2025-02-01,Financial Analyst,Finance,Yorkshire & Humber,Retail,Entry level,Degree,Remote,30858,"Python, Financial Modelling, Excel, Power BI, Forecasting",4
JOB1339,2025-11-01,Project Manager,Business,London,Insurance,Mid level,No degree,Hybrid,56085,"Agile, SQL, Requirements Analysis, Excel, Stakeholder Management",4
JOB1340,2025-06-01,Data Analyst,Data,North West,HealthTech,Mid level,Degree,Hybrid,47196,"Python, Power BI, Data Visualisation",6
JOB1341,2025-06-01,Digital Marketing Analyst,Marketing,North West,Consulting,Senior,Degree,Hybrid,58661,"Google Analytics, SQL, A/B Testing",5
JOB1342,2026-09-01,Software Engineer,Technology,North West,Telecoms,Senior,Degree,Hybrid,76078,"Linux, APIs, AWS",9
JOB1343,2025-01-01,Operations Analyst,Operations,London,Banking,Entry level,No degree,Hybrid,36409,"Forecasting, Excel, Python",5
JOB1344,2025-01-01,Cloud Engineer,Technology,West Midlands,FinTech,Mid level,Master's,On-site,56891,"Docker, Git, APIs",3
JOB1345,2026-08-01,Product Analyst,Data,Wales,E-commerce,Mid level,Degree,Hybrid,47526,"Python, Tableau, Pandas, Power BI",6
JOB1346,2025-01-01,Financial Analyst,Finance,London,Insurance,Mid level,Degree,Hybrid,59159,"Excel, SQL, Python, Forecasting, Power BI",6
JOB1347,2025-04-01,Data Scientist,Data,East of England,E-commerce,Mid level,Master's,Remote,52186,"Statistics, Tableau, SQL, Pandas",2
JOB1348,2025-01-01,Cloud Engineer,Technology,Scotland,E-commerce,Entry level,Degree,Remote,45540,"Git, AWS, Linux",3
JOB1349,2025-03-01,BI Analyst,Data,London,E-commerce,Entry level,Degree,Hybrid,58168,"SQL, Pandas, Excel, Tableau",5
JOB1350,2025-09-01,Financial Analyst,Finance,Scotland,Insurance,Entry level,Degree,Remote,37601,"SQL, Power BI, Forecasting",5
JOB1351,2026-09-01,Data Scientist,Data,Wales,HealthTech,Entry level,Master's,Hybrid,40080,"Data Visualisation, Power BI, Python",6
JOB1352,2026-08-01,Software Engineer,Technology,North West,Consulting,Entry level,Degree,On-site,42666,"SQL, Cyber Security, Linux",6
JOB1353,2026-12-01,BI Analyst,Data,North West,HealthTech,Mid level,Master's,Remote,38347,"SQL, Python, Tableau",1
JOB1354,2026-02-01,Software Engineer,Technology,West Midlands,HealthTech,Entry level,Master's,Remote,42509,"Cyber Security, AWS, Python",2
JOB1355,2025-12-01,Financial Analyst,Finance,Scotland,Banking,Mid level,Degree,Remote,51257,"Forecasting, Financial Modelling, Excel, Python",6
JOB1356,2025-01-01,Cyber Security Analyst,Technology,London,E-commerce,Entry level,Degree,Remote,46925,"Docker, APIs, Git",4
JOB1357,2026-10-01,Data Analyst,Data,Scotland,Insurance,Mid level,Degree,Hybrid,50495,"Tableau, Pandas, Data Visualisation, Power BI",7
JOB1358,2026-09-01,Financial Analyst,Finance,North West,SaaS,Entry level,No degree,On-site,32099,"Power BI, Financial Modelling, Forecasting",1
JOB1359,2026-04-01,Financial Analyst,Finance,London,Consulting,Mid level,Degree,Remote,47916,"Financial Modelling, Python, Power BI",4
JOB1360,2026-09-01,Financial Analyst,Finance,West Midlands,E-commerce,Senior,Degree,Hybrid,68612,"Forecasting, Power BI, Python",8
JOB1361,2026-02-01,Data Analyst,Data,North West,HealthTech,Mid level,Degree,Hybrid,51405,"Tableau, Power BI, Pandas, SQL, Statistics",6
JOB1362,2025-03-01,Product Analyst,Data,North West,Insurance,Entry level,Degree,Hybrid,44843,"Power BI, Statistics, Excel",7
JOB1363,2026-06-01,BI Analyst,Data,Yorkshire & Humber,E-commerce,Senior,Degree,Hybrid,65142,"SQL, Excel, Tableau, Statistics, Power BI",4
JOB1364,2025-01-01,Software Engineer,Technology,North West,Insurance,Entry level,Master's,Hybrid,43667,"SQL, Cyber Security, APIs, Git, AWS",4
JOB1365,2026-10-01,Financial Analyst,Finance,London,Public Sector,Mid level,Degree,Hybrid,57757,"Forecasting, Excel, Python",5
JOB1366,2025-12-01,Data Analyst,Data,North West,FinTech,Mid level,Master's,Hybrid,60524,"Data Visualisation, Python, Tableau",3
JOB1367,2026-04-01,Financial Analyst,Finance,South East,Insurance,Mid level,Degree,Hybrid,58106,"Excel, Python, SQL",5
JOB1368,2025-10-01,Data Scientist,Data,Yorkshire & Humber,FinTech,Entry level,Master's,Remote,50716,"Power BI, Data Visualisation, Pandas, Tableau",4
JOB1369,2026-12-01,Project Manager,Business,North West,Public Sector,Senior,Master's,On-site,71755,"Jira, SQL, Power BI, Excel",5
JOB1370,2026-08-01,Cyber Security Analyst,Technology,West Midlands,E-commerce,Mid level,Degree,Hybrid,58303,"Git, Python, Linux, Cyber Security, SQL",6
JOB1371,2025-12-01,Digital Marketing Analyst,Marketing,London,Banking,Mid level,Degree,Remote,62457,"Google Analytics, Excel, Power BI",9
JOB1372,2026-12-01,Software Engineer,Technology,Scotland,HealthTech,Senior,Degree,Hybrid,63923,"Cyber Security, Docker, AWS, Linux",7
JOB1373,2025-03-01,Cloud Engineer,Technology,South East,HealthTech,Senior,Master's,Hybrid,71785,"Linux, Python, APIs, AWS, Docker",4
JOB1374,2025-12-01,Software Engineer,Technology,North West,SaaS,Entry level,Degree,Hybrid,35108,"Cyber Security, Python, Docker, Git",6
JOB1375,2026-04-01,Financial Analyst,Finance,London,SaaS,Entry level,Degree,Remote,40219,"Power BI, Python, Forecasting, Excel, SQL",3
JOB1376,2026-09-01,Software Engineer,Technology,South East,Retail,Mid level,Degree,Hybrid,53623,"AWS, Git, Cyber Security",7
JOB1377,2026-09-01,Data Analyst,Data,South West,Retail,Senior,Degree,Remote,75898,"Power BI, Python, Excel",3
JOB1378,2025-09-01,Data Analyst,Data,East of England,Public Sector,Mid level,Degree,Hybrid,51662,"SQL, Python, Pandas, Data Visualisation",5
JOB1379,2026-01-01,Business Analyst,Business,London,HealthTech,Senior,Degree,Hybrid,75328,"Excel, Stakeholder Management, SQL",11
JOB1380,2025-04-01,Business Analyst,Business,North West,Public Sector,Mid level,Degree,Remote,48282,"Requirements Analysis, SQL, Excel, Jira, Agile",3
JOB1381,2025-01-01,Cyber Security Analyst,Technology,North West,E-commerce,Entry level,No degree,Hybrid,39442,"Cyber Security, Python, SQL, APIs, Docker",5
JOB1382,2025-07-01,Project Manager,Business,South West,E-commerce,Senior,Master's,Remote,67177,"Stakeholder Management, SQL, Requirements Analysis, Agile",1
JOB1383,2026-01-01,Cloud Engineer,Technology,Scotland,FinTech,Entry level,Degree,Remote,32550,"AWS, Docker, Python",7
JOB1384,2026-08-01,Data Analyst,Data,Wales,Banking,Entry level,No degree,On-site,24364,"Statistics, Pandas, Power BI, Excel",4
JOB1385,2025-05-01,Project Manager,Business,London,HealthTech,Senior,Degree,Remote,76553,"Stakeholder Management, Agile, Jira",3
JOB1386,2026-02-01,Business Analyst,Business,East of England,Telecoms,Mid level,Degree,Remote,54564,"Power BI, Excel, Agile, SQL",7
JOB1387,2025-01-01,Product Analyst,Data,Wales,HealthTech,Senior,Degree,Hybrid,69333,"Python, Tableau, Excel, Power BI",10
JOB1388,2025-03-01,Cloud Engineer,Technology,North West,Public Sector,Entry level,No degree,Hybrid,47085,"AWS, SQL, Python, Linux, Docker",4
JOB1389,2025-11-01,Data Analyst,Data,London,Insurance,Entry level,Degree,Hybrid,45821,"SQL, Data Visualisation, Pandas, Python",4
JOB1390,2026-01-01,Financial Analyst,Finance,London,FinTech,Mid level,No degree,Hybrid,50343,"Financial Modelling, Python, Power BI, Excel, Forecasting",3
JOB1391,2025-11-01,Operations Analyst,Operations,South East,Insurance,Senior,Master's,Hybrid,70231,"SQL, Excel, Power BI, Python",5
JOB1392,2026-02-01,Cyber Security Analyst,Technology,Scotland,Consulting,Entry level,No degree,On-site,47575,"Python, APIs, Linux",4
JOB1393,2026-04-01,Software Engineer,Technology,North East,SaaS,Mid level,Degree,Remote,51800,"Python, Docker, Git",7
JOB1394,2026-07-01,Financial Analyst,Finance,South East,Telecoms,Entry level,Degree,On-site,39049,"Forecasting, Excel, Financial Modelling",3
JOB1395,2025-04-01,Operations Analyst,Operations,London,Retail,Mid level,Master's,Remote,44214,"Python, Process Improvement, Excel",7
JOB1396,2026-02-01,Data Analyst,Data,West Midlands,SaaS,Entry level,Master's,Remote,39033,"Tableau, Data Visualisation, Statistics, Power BI",1
JOB1397,2025-11-01,Project Manager,Business,London,FinTech,Mid level,Degree,Hybrid,57186,"Agile, Jira, Power BI",4
JOB1398,2025-03-01,Project Manager,Business,London,Insurance,Mid level,Degree,Remote,59663,"Excel, Stakeholder Management, Power BI, Jira, Requirements Analysis",4
JOB1399,2025-08-01,Project Manager,Business,North West,Consulting,Entry level,Degree,Hybrid,40887,"Power BI, Jira, Requirements Analysis, SQL",5
JOB1400,2026-11-01,Cyber Security Analyst,Technology,London,Banking,Senior,Degree,Hybrid,70181,"Git, SQL, AWS, APIs",8
JOB1401,2026-10-01,BI Analyst,Data,North East,HealthTech,Senior,Degree,Hybrid,65468,"Python, Tableau, Power BI",6
JOB1402,2025-08-01,Data Scientist,Data,Yorkshire & Humber,Telecoms,Mid level,Master's,Remote,54193,"Python, Pandas, Data Visualisation",5
JOB1403,2025-05-01,Business Analyst,Business,Yorkshire & Humber,Consulting,Senior,Master's,On-site,62291,"Agile, Power BI, Stakeholder Management, SQL",1
JOB1404,2025-01-01,Financial Analyst,Finance,Wales,Public Sector,Entry level,Degree,Hybrid,30923,"Forecasting, Excel, Financial Modelling, Power BI",5
JOB1405,2026-10-01,Software Engineer,Technology,London,E-commerce,Mid level,No degree,Hybrid,58160,"APIs, SQL, Git, Docker",3
JOB1406,2026-03-01,Business Analyst,Business,South East,Retail,Senior,Degree,Remote,79056,"SQL, Power BI, Stakeholder Management",4
JOB1407,2026-09-01,Business Analyst,Business,East of England,E-commerce,Entry level,Degree,Hybrid,36286,"Stakeholder Management, SQL, Jira",6
JOB1408,2026-08-01,Financial Analyst,Finance,London,Insurance,Entry level,Degree,Hybrid,43842,"Excel, SQL, Financial Modelling, Forecasting, Python",6
JOB1409,2026-04-01,Data Analyst,Data,North West,HealthTech,Entry level,Degree,Hybrid,38566,"Tableau, Python, Excel, Data Visualisation, SQL",5
JOB1410,2026-02-01,BI Analyst,Data,North West,SaaS,Entry level,Degree,Remote,31817,"Data Visualisation, Excel, SQL, Power BI",5
JOB1411,2025-02-01,Software Engineer,Technology,Scotland,FinTech,Entry level,Degree,Hybrid,40081,"Cyber Security, AWS, Python, APIs",7
JOB1412,2026-02-01,Product Analyst,Data,London,HealthTech,Entry level,Master's,Hybrid,50571,"Pandas, Power BI, Data Visualisation, Excel, Python",5
JOB1413,2025-12-01,Business Analyst,Business,London,Consulting,Mid level,Degree,Hybrid,50683,"Stakeholder Management, SQL, Power BI",7
JOB1414,2026-03-01,Data Analyst,Data,South East,Insurance,Entry level,No degree,Remote,41606,"Power BI, Python, SQL, Data Visualisation",2
JOB1415,2025-06-01,Business Analyst,Business,North West,Public Sector,Entry level,Degree,Remote,30800,"Agile, Excel, Power BI, Jira",2
JOB1416,2025-03-01,Cyber Security Analyst,Technology,East of England,Telecoms,Senior,Degree,Hybrid,64789,"SQL, AWS, Python, Git, Docker",5
JOB1417,2025-06-01,Cloud Engineer,Technology,South East,HealthTech,Mid level,No degree,Hybrid,70326,"Git, SQL, Cyber Security, APIs",8
JOB1418,2026-07-01,Data Scientist,Data,Northern Ireland,Public Sector,Senior,Degree,On-site,75416,"SQL, Power BI, Statistics, Excel",5
JOB1419,2025-08-01,Business Analyst,Business,Yorkshire & Humber,Insurance,Mid level,No degree,Hybrid,47137,"Stakeholder Management, Jira, Agile",5
JOB1420,2025-10-01,Operations Analyst,Operations,West Midlands,Public Sector,Entry level,Degree,Remote,24835,"Process Improvement, SQL, Forecasting",3
JOB1421,2026-01-01,Data Analyst,Data,South East,Consulting,Entry level,Degree,Hybrid,45937,"Pandas, Data Visualisation, Tableau",8
JOB1422,2026-12-01,Cloud Engineer,Technology,North West,SaaS,Mid level,Degree,Hybrid,54406,"AWS, Docker, Linux",6
JOB1423,2025-08-01,Operations Analyst,Operations,South East,Telecoms,Entry level,Degree,Hybrid,46211,"Python, Power BI, Excel, Process Improvement, SQL",4
JOB1424,2025-10-01,Digital Marketing Analyst,Marketing,Scotland,SaaS,Mid level,Degree,Remote,50122,"Power BI, Google Analytics, Python, A/B Testing",2
JOB1425,2025-01-01,Business Analyst,Business,Yorkshire & Humber,HealthTech,Senior,Degree,Hybrid,67297,"Power BI, Agile, SQL, Requirements Analysis",4
JOB1426,2026-12-01,Financial Analyst,Finance,North West,FinTech,Entry level,Degree,On-site,39706,"Power BI, SQL, Financial Modelling, Excel, Python",3
JOB1427,2026-10-01,Digital Marketing Analyst,Marketing,Yorkshire & Humber,Public Sector,Entry level,No degree,On-site,32728,"Python, Power BI, Google Analytics",5
JOB1428,2025-01-01,Business Analyst,Business,South East,Public Sector,Mid level,Degree,Remote,48124,"Stakeholder Management, Requirements Analysis, Power BI, Agile",5
JOB1429,2026-02-01,Cyber Security Analyst,Technology,West Midlands,E-commerce,Entry level,Master's,Hybrid,37131,"Linux, AWS, SQL, Python, Cyber Security",4
JOB1430,2025-06-01,Data Scientist,Data,North West,FinTech,Entry level,Degree,Remote,47880,"Pandas, SQL, Statistics, Power BI, Excel",3
JOB1431,2025-06-01,Software Engineer,Technology,Yorkshire & Humber,HealthTech,Mid level,No degree,On-site,50334,"Cyber Security, Docker, SQL",2
JOB1432,2026-05-01,Data Scientist,Data,London,Insurance,Mid level,Master's,Hybrid,55166,"Excel, Statistics, Pandas, Data Visualisation, SQL",3
JOB1433,2026-10-01,Operations Analyst,Operations,London,Public Sector,Entry level,Degree,Remote,43110,"SQL, Python, Process Improvement",3
JOB1434,2026-04-01,Cloud Engineer,Technology,London,Public Sector,Senior,No degree,Remote,87799,"APIs, Docker, Linux, Cyber Security, Python",4
JOB1435,2026-11-01,Data Scientist,Data,Northern Ireland,Public Sector,Entry level,Degree,Hybrid,31286,"Data Visualisation, Python, Statistics, Power BI, Excel",7
JOB1436,2025-12-01,Operations Analyst,Operations,London,Retail,Entry level,Degree,Remote,37003,"Python, Power BI, Process Improvement, Forecasting, Excel",2
JOB1437,2025-07-01,Software Engineer,Technology,London,Telecoms,Senior,Degree,On-site,84879,"Cyber Security, AWS, Git, APIs, Linux",3
JOB1438,2026-09-01,Software Engineer,Technology,North West,Public Sector,Entry level,Degree,Hybrid,43447,"AWS, Linux, Git, Cyber Security",7
JOB1439,2025-05-01,Data Analyst,Data,London,FinTech,Entry level,Master's,Remote,34791,"Data Visualisation, SQL, Python",3
JOB1440,2025-09-01,Data Analyst,Data,West Midlands,HealthTech,Senior,Degree,Remote,63893,"Pandas, Data Visualisation, Python, Power BI",6
JOB1441,2025-01-01,Project Manager,Business,South East,Consulting,Senior,Degree,Hybrid,73567,"Requirements Analysis, Jira, SQL, Power BI",8
JOB1442,2025-06-01,Software Engineer,Technology,West Midlands,Insurance,Senior,Master's,Remote,79248,"AWS, Python, Docker",2
JOB1443,2025-03-01,Cloud Engineer,Technology,London,E-commerce,Mid level,Master's,Hybrid,65246,"Python, Git, Linux, Cyber Security",4
JOB1444,2025-01-01,BI Analyst,Data,Yorkshire & Humber,Public Sector,Entry level,Degree,On-site,30580,"Pandas, Tableau, Power BI, SQL, Python",4
JOB1445,2025-07-01,Operations Analyst,Operations,Yorkshire & Humber,Insurance,Entry level,No degree,Remote,27458,"Process Improvement, Python, Power BI, SQL, Excel",5
JOB1446,2026-09-01,Data Analyst,Data,Scotland,Insurance,Mid level,Degree,Hybrid,56623,"Pandas, Tableau, Statistics, SQL",5
JOB1447,2026-10-01,Product Analyst,Data,Yorkshire & Humber,HealthTech,Entry level,Degree,Hybrid,33633,"Power BI, Statistics, Data Visualisation",5
JOB1448,2025-01-01,Business Analyst,Business,Yorkshire & Humber,FinTech,Mid level,Degree,On-site,40685,"Requirements Analysis, SQL, Agile, Excel, Jira",3
JOB1449,2025-08-01,Software Engineer,Technology,Yorkshire & Humber,FinTech,Mid level,Degree,Hybrid,52534,"SQL, Docker, Cyber Security, Linux, Python",6
JOB1450,2026-03-01,Product Analyst,Data,South East,FinTech,Senior,Master's,Remote,77066,"Pandas, Data Visualisation, SQL, Power BI",2
JOB1451,2026-04-01,Operations Analyst,Operations,Northern Ireland,Retail,Entry level,No degree,Remote,41616,"Process Improvement, Power BI, Forecasting, SQL",3
JOB1452,2026-11-01,Data Scientist,Data,West Midlands,E-commerce,Entry level,No degree,Hybrid,53286,"Python, Data Visualisation, Pandas, SQL, Excel",6
JOB1453,2026-04-01,Product Analyst,Data,Scotland,Consulting,Senior,Degree,Hybrid,70950,"SQL, Pandas, Python, Statistics",5
JOB1454,2026-03-01,Software Engineer,Technology,Scotland,Banking,Senior,Degree,On-site,82034,"APIs, Docker, SQL, Linux, Python",3
JOB1455,2026-06-01,Data Analyst,Data,London,Insurance,Entry level,No degree,Hybrid,45974,"Statistics, Pandas, Data Visualisation, SQL, Power BI",3
JOB1456,2025-04-01,Data Analyst,Data,North East,Insurance,Entry level,Master's,Hybrid,42685,"Data Visualisation, Tableau, Power BI",6
JOB1457,2025-07-01,Project Manager,Business,London,Consulting,Senior,Degree,On-site,79330,"SQL, Stakeholder Management, Requirements Analysis, Power BI, Agile",5
JOB1458,2025-11-01,Operations Analyst,Operations,London,SaaS,Mid level,Degree,Remote,43011,"Power BI, SQL, Excel",5
JOB1459,2025-04-01,Data Analyst,Data,East of England,E-commerce,Senior,Degree,Remote,74330,"Python, SQL, Tableau, Data Visualisation, Pandas",4
JOB1460,2026-09-01,Project Manager,Business,Wales,E-commerce,Mid level,Degree,Hybrid,48213,"Stakeholder Management, Excel, Requirements Analysis, Power BI, Agile",5
JOB1461,2025-12-01,Digital Marketing Analyst,Marketing,Scotland,Insurance,Mid level,Degree,Hybrid,43913,"A/B Testing, Excel, Python, Power BI",5
JOB1462,2025-03-01,Software Engineer,Technology,London,FinTech,Mid level,No degree,Remote,53831,"Linux, Python, Git, AWS, Docker",3
JOB1463,2026-01-01,Operations Analyst,Operations,London,Public Sector,Mid level,No degree,Hybrid,58415,"Process Improvement, SQL, Excel, Power BI, Python",4
JOB1464,2026-02-01,Data Analyst,Data,South East,SaaS,Senior,No degree,On-site,68033,"Tableau, Power BI, Statistics",3
JOB1465,2026-07-01,Cloud Engineer,Technology,South West,Consulting,Mid level,Degree,Hybrid,49623,"SQL, Python, Linux, Cyber Security, Docker",6
JOB1466,2025-11-01,Business Analyst,Business,London,Public Sector,Mid level,Degree,On-site,59140,"Power BI, Jira, Stakeholder Management",4
JOB1467,2026-01-01,Business Analyst,Business,East of England,HealthTech,Mid level,Master's,Hybrid,57198,"Requirements Analysis, SQL, Power BI, Excel",5
JOB1468,2025-07-01,Cyber Security Analyst,Technology,West Midlands,Public Sector,Entry level,Degree,Hybrid,38056,"APIs, Cyber Security, Python, AWS, Git",5
JOB1469,2025-10-01,BI Analyst,Data,West Midlands,Telecoms,Mid level,Degree,Remote,61684,"Tableau, Statistics, Power BI",6
JOB1470,2026-09-01,Product Analyst,Data,North West,FinTech,Mid level,No degree,Hybrid,40627,"Pandas, Tableau, Statistics",5
JOB1471,2026-01-01,Software Engineer,Technology,London,Banking,Mid level,Degree,Hybrid,60591,"Python, Linux, APIs, Cyber Security, SQL",7
JOB1472,2025-05-01,BI Analyst,Data,South West,Public Sector,Mid level,Master's,Hybrid,53369,"Pandas, Tableau, Python, Data Visualisation",4
JOB1473,2025-04-01,Data Analyst,Data,South West,Telecoms,Mid level,No degree,Hybrid,42059,"Data Visualisation, Excel, SQL",6
JOB1474,2026-12-01,Product Analyst,Data,North West,Telecoms,Mid level,Degree,Hybrid,54870,"Excel, Statistics, Python, Tableau, Power BI",6
JOB1475,2025-01-01,Data Analyst,Data,London,E-commerce,Mid level,Master's,On-site,54747,"Tableau, Python, SQL, Statistics",2
JOB1476,2025-04-01,Business Analyst,Business,South East,HealthTech,Senior,Degree,Hybrid,70143,"SQL, Agile, Jira, Excel",6
JOB1477,2025-11-01,Operations Analyst,Operations,Wales,SaaS,Senior,No degree,Hybrid,70536,"Python, Process Improvement, Excel, Forecasting",7
JOB1478,2026-09-01,Product Analyst,Data,Yorkshire & Humber,Telecoms,Mid level,Master's,Hybrid,55629,"Python, Pandas, SQL, Tableau",4
JOB1479,2026-07-01,Digital Marketing Analyst,Marketing,North West,Public Sector,Mid level,Degree,Hybrid,49486,"Excel, Python, Google Analytics, A/B Testing, Power BI",6
JOB1480,2026-03-01,Operations Analyst,Operations,North West,FinTech,Senior,Degree,Hybrid,63307,"Power BI, Excel, SQL, Forecasting, Python",5
JOB1481,2026-07-01,Data Scientist,Data,London,Insurance,Mid level,Degree,Hybrid,69084,"Excel, Tableau, Python, Pandas",7
JOB1482,2025-09-01,Cyber Security Analyst,Technology,Scotland,Consulting,Entry level,Degree,On-site,40866,"Python, Cyber Security, AWS",3
JOB1483,2026-09-01,Project Manager,Business,West Midlands,FinTech,Senior,Degree,Remote,72389,"Stakeholder Management, SQL, Power BI, Agile",2
JOB1484,2026-01-01,Digital Marketing Analyst,Marketing,South East,Insurance,Senior,Degree,On-site,62911,"Power BI, Google Analytics, A/B Testing, Python, Excel",7
JOB1485,2026-01-01,Project Manager,Business,North West,HealthTech,Mid level,No degree,Hybrid,47907,"Requirements Analysis, SQL, Jira, Power BI",7
JOB1486,2025-06-01,Software Engineer,Technology,Yorkshire & Humber,Retail,Entry level,Degree,Hybrid,30036,"Docker, Cyber Security, APIs",7
JOB1487,2025-02-01,Business Analyst,Business,North West,Consulting,Senior,Degree,Hybrid,64139,"SQL, Jira, Requirements Analysis, Stakeholder Management",7
JOB1488,2025-12-01,Project Manager,Business,Scotland,E-commerce,Entry level,No degree,Hybrid,38732,"Agile, Power BI, Stakeholder Management",8
JOB1489,2026-07-01,Data Scientist,Data,North West,Public Sector,Entry level,Master's,Remote,45361,"SQL, Tableau, Excel, Power BI",4
JOB1490,2025-10-01,Business Analyst,Business,London,Retail,Entry level,Degree,Remote,38359,"Agile, Excel, Power BI",2
JOB1491,2026-05-01,Data Scientist,Data,Northern Ireland,Telecoms,Entry level,Degree,Hybrid,32739,"SQL, Excel, Statistics",6
JOB1492,2026-09-01,Software Engineer,Technology,Scotland,Retail,Entry level,Master's,Hybrid,34933,"Cyber Security, SQL, AWS, Linux",3
JOB1493,2026-09-01,Cloud Engineer,Technology,West Midlands,E-commerce,Mid level,Degree,Remote,56650,"Docker, Git, Python, Linux",3
JOB1494,2026-07-01,Cloud Engineer,Technology,Wales,FinTech,Entry level,Master's,Hybrid,30681,"Git, Python, AWS, Cyber Security, Linux",4
JOB1495,2025-09-01,Product Analyst,Data,London,Insurance,Mid level,Degree,Remote,54607,"Power BI, Data Visualisation, Statistics, Excel, Python",6
JOB1496,2025-10-01,Operations Analyst,Operations,North West,Consulting,Entry level,Master's,Remote,31274,"Power BI, Python, Forecasting, SQL, Process Improvement",1
JOB1497,2026-03-01,Operations Analyst,Operations,South West,Retail,Senior,Degree,Hybrid,63277,"Excel, Python, Power BI, SQL, Process Improvement",5
JOB1498,2025-07-01,Project Manager,Business,North West,HealthTech,Mid level,Degree,Hybrid,52495,"Excel, Jira, Power BI",6
JOB1499,2026-06-01,Product Analyst,Data,West Midlands,SaaS,Mid level,No degree,Remote,50770,"Tableau, Statistics, SQL, Python, Pandas",1
JOB1500,2025-04-01,Business Analyst,Business,Wales,HealthTech,Entry level,Master's,Hybrid,38462,"Requirements Analysis, Jira, SQL, Stakeholder Management",7
JOB1501,2025-08-01,Data Scientist,Data,South West,Insurance,Mid level,Master's,Remote,50009,"Statistics, Pandas, Data Visualisation, Power BI, SQL",2
JOB1502,2025-01-01,Financial Analyst,Finance,Northern Ireland,FinTech,Entry level,Master's,Hybrid,35169,"Financial Modelling, Power BI, Python, Forecasting",5
JOB1503,2026-03-01,Product Analyst,Data,Yorkshire & Humber,Banking,Entry level,Degree,Hybrid,37562,"Excel, Data Visualisation, Pandas, SQL",5
JOB1504,2025-10-01,Business Analyst,Business,West Midlands,E-commerce,Entry level,Master's,Remote,26767,"Requirements Analysis, Jira, SQL",1
JOB1505,2026-11-01,Operations Analyst,Operations,East of England,FinTech,Mid level,Degree,Hybrid,46910,"Forecasting, SQL, Process Improvement, Excel, Python",6
JOB1506,2026-11-01,Business Analyst,Business,South East,HealthTech,Entry level,Master's,Hybrid,38204,"Power BI, SQL, Requirements Analysis, Agile",6
JOB1507,2025-04-01,Digital Marketing Analyst,Marketing,North East,Public Sector,Mid level,Master's,Hybrid,35119,"SQL, Google Analytics, Python",3
JOB1508,2026-06-01,Software Engineer,Technology,London,HealthTech,Entry level,Master's,Hybrid,54719,"Docker, Cyber Security, AWS, Linux, Python",5
JOB1509,2025-06-01,Cyber Security Analyst,Technology,South East,Insurance,Entry level,Master's,Hybrid,41921,"Git, AWS, APIs",6
JOB1510,2026-08-01,Cloud Engineer,Technology,East of England,Banking,Entry level,Degree,Remote,41778,"APIs, Python, Linux, Cyber Security",6
JOB1511,2025-02-01,Data Analyst,Data,South East,Telecoms,Mid level,Degree,Hybrid,57076,"Pandas, Power BI, Tableau, SQL, Python",6
JOB1512,2026-04-01,Software Engineer,Technology,East of England,Banking,Entry level,Degree,Hybrid,46479,"Linux, SQL, Cyber Security",6
JOB1513,2026-03-01,Data Analyst,Data,South West,HealthTech,Entry level,Master's,Hybrid,31371,"Excel, Statistics, Tableau, Data Visualisation, Python",9
JOB1514,2025-09-01,Cyber Security Analyst,Technology,London,SaaS,Mid level,Degree,Remote,60884,"Linux, APIs, SQL, Python",4
JOB1515,2026-11-01,Financial Analyst,Finance,Yorkshire & Humber,Retail,Entry level,Master's,Hybrid,34674,"Financial Modelling, Excel, Power BI",6
JOB1516,2025-10-01,Data Scientist,Data,London,Retail,Senior,Master's,Hybrid,84519,"Pandas, Excel, Power BI, Python",4
JOB1517,2026-07-01,Cyber Security Analyst,Technology,West Midlands,E-commerce,Entry level,Degree,Hybrid,42510,"SQL, Python, Git, Docker, AWS",6
JOB1518,2025-07-01,Project Manager,Business,London,HealthTech,Mid level,Master's,Hybrid,65088,"Jira, Excel, Power BI, Requirements Analysis",5
JOB1519,2025-08-01,Business Analyst,Business,West Midlands,HealthTech,Mid level,Master's,Hybrid,52075,"Agile, Jira, SQL, Stakeholder Management, Requirements Analysis",4
JOB1520,2025-07-01,Data Scientist,Data,West Midlands,Retail,Senior,Degree,Hybrid,80377,"SQL, Excel, Power BI, Statistics, Python",7
JOB1521,2026-01-01,Data Analyst,Data,North West,SaaS,Mid level,Degree,Hybrid,46768,"Excel, Python, Pandas, Data Visualisation, SQL",6
JOB1522,2025-03-01,Operations Analyst,Operations,South East,Banking,Senior,No degree,On-site,80632,"SQL, Forecasting, Process Improvement",5
JOB1523,2026-08-01,Business Analyst,Business,East of England,Telecoms,Mid level,Degree,Remote,51276,"Stakeholder Management, Agile, Requirements Analysis, Excel",7
JOB1524,2026-05-01,Cloud Engineer,Technology,London,FinTech,Senior,Degree,Remote,80380,"APIs, Git, AWS, Cyber Security",5
JOB1525,2025-04-01,Data Analyst,Data,South West,Public Sector,Mid level,Degree,Hybrid,53109,"SQL, Excel, Statistics",6
JOB1526,2026-02-01,Software Engineer,Technology,Northern Ireland,Consulting,Mid level,Degree,Remote,54063,"Linux, AWS, APIs",6
JOB1527,2026-10-01,Business Analyst,Business,South East,HealthTech,Entry level,Master's,Remote,43224,"Agile, Stakeholder Management, Requirements Analysis, SQL, Power BI",2
JOB1528,2026-12-01,Software Engineer,Technology,Wales,Telecoms,Entry level,Degree,Hybrid,40234,"Linux, AWS, Python, APIs",8
JOB1529,2025-03-01,Cyber Security Analyst,Technology,South West,E-commerce,Mid level,Master's,Remote,56978,"Cyber Security, Docker, Linux, SQL",3
JOB1530,2025-03-01,Cloud Engineer,Technology,North East,Banking,Entry level,Master's,On-site,30939,"AWS, Git, APIs",2
JOB1531,2026-06-01,Cyber Security Analyst,Technology,London,Consulting,Mid level,Degree,Remote,72306,"AWS, Docker, Python, Cyber Security, Linux",2
JOB1532,2025-06-01,Product Analyst,Data,West Midlands,Telecoms,Senior,Master's,Remote,73970,"Pandas, Tableau, Python, Excel, Data Visualisation",1
JOB1533,2026-06-01,Business Analyst,Business,Scotland,Consulting,Senior,Master's,Hybrid,66430,"Stakeholder Management, SQL, Agile, Requirements Analysis",4
JOB1534,2026-08-01,Operations Analyst,Operations,London,SaaS,Mid level,Master's,Hybrid,49613,"Process Improvement, Excel, Forecasting",5
JOB1535,2026-02-01,BI Analyst,Data,South West,Banking,Senior,Degree,Hybrid,79520,"Pandas, Tableau, Data Visualisation, Power BI",7
JOB1536,2025-04-01,Software Engineer,Technology,North West,E-commerce,Mid level,No degree,On-site,54002,"Git, APIs, SQL, Linux",6
JOB1537,2025-07-01,Operations Analyst,Operations,Scotland,Banking,Mid level,Degree,Remote,38550,"Process Improvement, Power BI, Excel, Forecasting, SQL",3
JOB1538,2026-05-01,Software Engineer,Technology,London,Telecoms,Entry level,Master's,Hybrid,39494,"SQL, Docker, Python",5
JOB1539,2025-02-01,Data Analyst,Data,Yorkshire & Humber,Retail,Senior,Degree,Hybrid,69360,"Python, Pandas, Statistics, Data Visualisation",5
JOB1540,2025-07-01,Software Engineer,Technology,Yorkshire & Humber,Retail,Mid level,Degree,Remote,60527,"APIs, Git, Python, Linux",4
JOB1541,2025-04-01,Project Manager,Business,North West,Insurance,Entry level,Degree,Remote,44393,"Stakeholder Management, Jira, Excel, Requirements Analysis, Power BI",4
JOB1542,2026-03-01,Data Analyst,Data,West Midlands,Insurance,Mid level,Degree,Remote,52912,"Pandas, Python, Statistics, Excel",4
JOB1543,2025-08-01,Product Analyst,Data,South West,Retail,Mid level,Degree,Hybrid,47523,"Data Visualisation, Power BI, SQL",4
JOB1544,2025-01-01,Cyber Security Analyst,Technology,North West,Banking,Entry level,Master's,Hybrid,30758,"Git, Cyber Security, Docker",5
JOB1545,2025-05-01,Data Analyst,Data,London,SaaS,Mid level,Degree,Hybrid,62772,"Pandas, Statistics, SQL",6
JOB1546,2026-08-01,Cyber Security Analyst,Technology,London,Insurance,Mid level,Master's,Hybrid,55282,"Docker, Linux, AWS, Git",4
JOB1547,2025-01-01,Business Analyst,Business,East of England,E-commerce,Mid level,Master's,Hybrid,47609,"SQL, Requirements Analysis, Stakeholder Management, Agile, Power BI",4
JOB1548,2025-01-01,Software Engineer,Technology,East of England,Insurance,Entry level,Degree,Hybrid,47397,"Python, Docker, Git, AWS, Cyber Security",6
JOB1549,2026-04-01,Operations Analyst,Operations,Yorkshire & Humber,Banking,Mid level,No degree,Hybrid,38201,"Python, Excel, SQL",5
JOB1550,2025-11-01,BI Analyst,Data,East of England,Consulting,Entry level,Master's,Hybrid,44427,"SQL, Excel, Statistics, Python",7
JOB1551,2025-11-01,Project Manager,Business,East of England,Retail,Entry level,Degree,Hybrid,37594,"Power BI, SQL, Requirements Analysis, Agile",4
JOB1552,2025-02-01,Cloud Engineer,Technology,North East,Consulting,Mid level,Degree,Hybrid,52267,"Git, Python, SQL, APIs, Docker",4
JOB1553,2025-01-01,Operations Analyst,Operations,East of England,SaaS,Mid level,Degree,Remote,45031,"Python, SQL, Forecasting, Power BI",5
JOB1554,2026-05-01,Financial Analyst,Finance,South West,Banking,Senior,Degree,Hybrid,61858,"Python, Forecasting, SQL, Power BI, Excel",5
JOB1555,2026-10-01,Operations Analyst,Operations,West Midlands,Banking,Senior,Degree,Hybrid,61332,"Python, Excel, Process Improvement",7
JOB1556,2026-04-01,BI Analyst,Data,Scotland,E-commerce,Senior,Master's,Hybrid,67914,"Python, Tableau, Data Visualisation, Statistics",5
JOB1557,2026-07-01,Cloud Engineer,Technology,Yorkshire & Humber,Banking,Entry level,Degree,Hybrid,40609,"Python, Cyber Security, SQL, AWS, Docker",7
JOB1558,2025-09-01,Project Manager,Business,North West,Banking,Mid level,No degree,Hybrid,44423,"Jira, Power BI, Excel, Stakeholder Management, Agile",4
JOB1559,2025-01-01,Data Analyst,Data,London,Insurance,Mid level,Degree,Hybrid,61836,"SQL, Power BI, Tableau, Python, Statistics",10
JOB1560,2026-09-01,Project Manager,Business,London,Telecoms,Entry level,Degree,Hybrid,39857,"Requirements Analysis, Jira, Power BI, SQL, Excel",5
JOB1561,2026-02-01,Operations Analyst,Operations,North West,E-commerce,Senior,Degree,Hybrid,63206,"SQL, Excel, Process Improvement, Python, Power BI",7
JOB1562,2025-09-01,Digital Marketing Analyst,Marketing,North West,Insurance,Entry level,Master's,Remote,24326,"Power BI, Python, Excel, A/B Testing, Google Analytics",4
JOB1563,2025-02-01,Cloud Engineer,Technology,West Midlands,Consulting,Entry level,No degree,Remote,40282,"Docker, Cyber Security, APIs",3
JOB1564,2026-10-01,Business Analyst,Business,East of England,Insurance,Entry level,Degree,Remote,39610,"Excel, Requirements Analysis, Stakeholder Management",2
JOB1565,2026-08-01,Data Analyst,Data,West Midlands,SaaS,Mid level,Degree,On-site,48209,"Pandas, Statistics, Data Visualisation",2
JOB1566,2025-10-01,Software Engineer,Technology,London,FinTech,Mid level,Master's,Hybrid,63697,"APIs, SQL, Python, AWS",4
JOB1567,2026-12-01,BI Analyst,Data,North West,HealthTech,Mid level,Degree,Hybrid,46531,"Power BI, Tableau, Pandas",6
JOB1568,2026-01-01,Operations Analyst,Operations,London,Retail,Entry level,Degree,Remote,42549,"SQL, Power BI, Forecasting, Python",2
JOB1569,2026-02-01,BI Analyst,Data,London,Consulting,Mid level,Degree,Hybrid,61176,"Data Visualisation, Python, Pandas",6
JOB1570,2026-01-01,Data Analyst,Data,London,SaaS,Entry level,Degree,Hybrid,42990,"Python, Statistics, Data Visualisation, Pandas, SQL",4
JOB1571,2026-02-01,Data Analyst,Data,London,Banking,Mid level,Degree,On-site,66062,"Statistics, Power BI, Tableau, Excel",3
JOB1572,2025-03-01,Data Analyst,Data,North West,Retail,Mid level,Master's,On-site,48615,"Excel, Power BI, Statistics, Python",2
JOB1573,2025-10-01,Data Analyst,Data,London,Consulting,Mid level,Degree,Hybrid,55339,"Python, Data Visualisation, Pandas",5
JOB1574,2025-04-01,Project Manager,Business,West Midlands,Banking,Mid level,Degree,On-site,48512,"Requirements Analysis, Stakeholder Management, Agile, Power BI",4
JOB1575,2026-03-01,Data Scientist,Data,London,HealthTech,Senior,Degree,Hybrid,68165,"Pandas, SQL, Excel",5
JOB1576,2026-03-01,Operations Analyst,Operations,London,Banking,Senior,Master's,Remote,78139,"Excel, Forecasting, Power BI, Python, SQL",3
JOB1577,2026-12-01,Business Analyst,Business,East of England,E-commerce,Entry level,Master's,Remote,34067,"Stakeholder Management, SQL, Jira, Agile, Requirements Analysis",1
JOB1578,2025-05-01,Cloud Engineer,Technology,South East,Telecoms,Entry level,Degree,Hybrid,41115,"Python, SQL, Cyber Security",8
JOB1579,2025-04-01,Operations Analyst,Operations,South West,E-commerce,Entry level,Master's,Hybrid,43770,"Forecasting, Excel, Python, SQL, Process Improvement",6
JOB1580,2026-10-01,Software Engineer,Technology,North West,Banking,Entry level,Degree,On-site,45146,"Docker, AWS, Python, Linux, APIs",3
JOB1581,2025-06-01,Data Scientist,Data,North West,Consulting,Mid level,No degree,Hybrid,52191,"SQL, Tableau, Python, Power BI",5
JOB1582,2025-06-01,Digital Marketing Analyst,Marketing,South West,Retail,Entry level,No degree,Hybrid,33817,"SQL, Excel, Power BI, A/B Testing, Python",5
JOB1583,2025-08-01,Data Analyst,Data,London,Public Sector,Entry level,Master's,Hybrid,45089,"Tableau, Python, Excel, SQL",9
JOB1584,2025-03-01,Data Analyst,Data,London,Telecoms,Senior,Degree,Hybrid,80268,"Power BI, Pandas, Statistics, Python",4
JOB1585,2025-09-01,Data Scientist,Data,East of England,Telecoms,Entry level,Master's,Remote,45840,"Python, SQL, Power BI",2
JOB1586,2025-10-01,Data Analyst,Data,Scotland,FinTech,Senior,No degree,Hybrid,64593,"Data Visualisation, Tableau, Power BI, Python",6
JOB1587,2025-02-01,Project Manager,Business,London,FinTech,Mid level,Master's,Hybrid,54488,"Requirements Analysis, Stakeholder Management, SQL",3
JOB1588,2025-09-01,Data Scientist,Data,South East,HealthTech,Entry level,Master's,Hybrid,47261,"Python, Statistics, Data Visualisation, Excel, Pandas",4
JOB1589,2026-05-01,BI Analyst,Data,London,HealthTech,Mid level,Degree,Hybrid,55231,"Excel, SQL, Statistics",10
JOB1590,2025-05-01,Digital Marketing Analyst,Marketing,North West,Telecoms,Entry level,Degree,Hybrid,24532,"A/B Testing, Google Analytics, Python, Power BI",6
JOB1591,2026-09-01,Software Engineer,Technology,London,FinTech,Entry level,Degree,Hybrid,47826,"AWS, Cyber Security, APIs",9
JOB1592,2025-08-01,Cyber Security Analyst,Technology,Yorkshire & Humber,Retail,Entry level,Degree,On-site,43225,"Cyber Security, Git, SQL",5
JOB1593,2026-03-01,Software Engineer,Technology,Scotland,Public Sector,Entry level,Degree,Hybrid,38666,"Cyber Security, AWS, Docker, Python, APIs",8
JOB1594,2026-07-01,Cloud Engineer,Technology,North West,Telecoms,Entry level,Degree,Remote,41940,"AWS, Linux, Python",7
JOB1595,2025-06-01,BI Analyst,Data,West Midlands,Telecoms,Mid level,Degree,Hybrid,42503,"Power BI, Data Visualisation, Tableau",4
JOB1596,2026-09-01,Cloud Engineer,Technology,South East,Insurance,Senior,Master's,On-site,73450,"AWS, Linux, Docker, Git, Python",3
JOB1597,2026-08-01,Financial Analyst,Finance,North West,Insurance,Mid level,No degree,Hybrid,43084,"Python, Forecasting, Power BI, Financial Modelling, Excel",3
JOB1598,2025-05-01,Business Analyst,Business,East of England,Retail,Entry level,Degree,Remote,34424,"Requirements Analysis, Power BI, Agile, Jira",5
JOB1599,2026-07-01,BI Analyst,Data,North West,Insurance,Entry level,Master's,Hybrid,34757,"Data Visualisation, Python, Pandas, Statistics, Power BI",5
JOB1600,2026-12-01,BI Analyst,Data,North West,Insurance,Mid level,Degree,Remote,44780,"SQL, Power BI, Excel, Python, Statistics",5
JOB1601,2025-03-01,Business Analyst,Business,London,E-commerce,Entry level,Degree,Hybrid,42839,"Excel, Agile, Requirements Analysis",10
JOB1602,2026-09-01,Cyber Security Analyst,Technology,South East,Banking,Entry level,Degree,Hybrid,40384,"Linux, APIs, SQL, Cyber Security",5
JOB1603,2025-09-01,Cloud Engineer,Technology,London,FinTech,Mid level,Degree,Hybrid,73683,"Python, Cyber Security, SQL",5
JOB1604,2026-10-01,Operations Analyst,Operations,North West,Consulting,Mid level,Degree,On-site,48466,"Forecasting, Python, Excel",3
JOB1605,2026-08-01,Data Scientist,Data,East of England,HealthTech,Entry level,Master's,Hybrid,53536,"Statistics, Excel, Tableau, Power BI",6
JOB1606,2026-08-01,Business Analyst,Business,North West,E-commerce,Mid level,Master's,Remote,49970,"Power BI, Stakeholder Management, Excel",4
JOB1607,2026-02-01,BI Analyst,Data,London,Telecoms,Entry level,Master's,Hybrid,49143,"Statistics, Python, Tableau, Data Visualisation, Pandas",6
JOB1608,2026-12-01,Product Analyst,Data,East of England,SaaS,Entry level,Degree,Hybrid,39284,"Excel, Python, Pandas, Tableau, Statistics",4
JOB1609,2025-06-01,Business Analyst,Business,Yorkshire & Humber,Retail,Mid level,Master's,Hybrid,45145,"Excel, Stakeholder Management, Agile, Power BI, SQL",5
JOB1610,2026-05-01,Data Scientist,Data,Yorkshire & Humber,FinTech,Entry level,Degree,On-site,41239,"Power BI, Excel, Tableau, Python",5
JOB1611,2026-04-01,Operations Analyst,Operations,Yorkshire & Humber,HealthTech,Mid level,Degree,Hybrid,41291,"SQL, Excel, Python, Forecasting",6
JOB1612,2025-07-01,Software Engineer,Technology,Scotland,Telecoms,Mid level,Degree,Remote,48358,"SQL, Python, Git",3
JOB1613,2025-06-01,BI Analyst,Data,Scotland,Consulting,Mid level,Degree,Hybrid,49472,"SQL, Statistics, Tableau",4
JOB1614,2026-07-01,Operations Analyst,Operations,West Midlands,Telecoms,Mid level,Master's,Remote,45255,"Forecasting, Process Improvement, SQL, Python",2
JOB1615,2025-09-01,Product Analyst,Data,London,FinTech,Mid level,Master's,Remote,64204,"Power BI, Excel, Data Visualisation, Tableau, Python",2
JOB1616,2025-09-01,Data Scientist,Data,London,HealthTech,Entry level,Degree,Hybrid,48975,"Excel, Pandas, Statistics",5
JOB1617,2025-01-01,Software Engineer,Technology,East of England,E-commerce,Entry level,Master's,Remote,40236,"Git, Cyber Security, Linux, Docker",2
JOB1618,2026-02-01,Business Analyst,Business,Scotland,E-commerce,Entry level,Master's,Hybrid,36432,"Excel, Stakeholder Management, Requirements Analysis, Jira, Power BI",6
JOB1619,2025-10-01,Digital Marketing Analyst,Marketing,West Midlands,Retail,Senior,Degree,Remote,67457,"Google Analytics, Excel, Python",3
JOB1620,2026-01-01,Cyber Security Analyst,Technology,West Midlands,Telecoms,Mid level,Master's,Hybrid,52835,"Linux, Docker, APIs, Git",4
JOB1621,2026-02-01,Financial Analyst,Finance,North West,HealthTech,Mid level,Degree,Remote,45916,"Forecasting, Power BI, SQL, Excel",3
JOB1622,2026-01-01,Product Analyst,Data,Yorkshire & Humber,FinTech,Senior,Degree,Hybrid,70488,"Tableau, SQL, Data Visualisation",7
JOB1623,2025-07-01,Cyber Security Analyst,Technology,South East,Retail,Mid level,Degree,Remote,49213,"Cyber Security, Linux, Docker",5
JOB1624,2025-02-01,Cloud Engineer,Technology,London,SaaS,Entry level,No degree,Hybrid,51037,"Linux, Python, AWS",8
JOB1625,2026-07-01,BI Analyst,Data,South East,HealthTech,Entry level,Master's,Remote,38516,"Excel, SQL, Pandas",5
JOB1626,2025-06-01,Cloud Engineer,Technology,West Midlands,FinTech,Entry level,Master's,Remote,49096,"Git, Cyber Security, Docker, AWS, Python",3
JOB1627,2025-06-01,Product Analyst,Data,London,E-commerce,Mid level,Degree,Hybrid,56888,"Pandas, Power BI, Excel, Tableau, SQL",7
JOB1628,2025-02-01,Cyber Security Analyst,Technology,London,HealthTech,Entry level,No degree,Remote,46447,"Python, SQL, Docker",3
JOB1629,2026-04-01,Operations Analyst,Operations,Wales,Banking,Entry level,Degree,On-site,29026,"Forecasting, Power BI, Python, SQL, Process Improvement",4
JOB1630,2026-04-01,Financial Analyst,Finance,East of England,E-commerce,Senior,Degree,Remote,73538,"Excel, Financial Modelling, Python, SQL",2
JOB1631,2025-02-01,Cyber Security Analyst,Technology,North East,Public Sector,Entry level,No degree,Hybrid,39089,"SQL, AWS, Cyber Security",8
JOB1632,2026-05-01,BI Analyst,Data,South East,HealthTech,Mid level,Degree,Hybrid,53941,"Data Visualisation, Python, Pandas, Tableau",7
JOB1633,2025-08-01,Software Engineer,Technology,East of England,Insurance,Mid level,Degree,Remote,60808,"SQL, Docker, AWS, Git, Linux",2
JOB1634,2026-12-01,Business Analyst,Business,Northern Ireland,FinTech,Mid level,Degree,On-site,39031,"Stakeholder Management, Agile, Excel, Jira",5
JOB1635,2025-11-01,Cyber Security Analyst,Technology,North West,Retail,Mid level,Degree,Hybrid,58411,"SQL, Git, AWS",5
JOB1636,2026-05-01,Cyber Security Analyst,Technology,West Midlands,E-commerce,Mid level,Degree,Hybrid,50450,"APIs, SQL, Docker, AWS",4
JOB1637,2025-06-01,Digital Marketing Analyst,Marketing,London,HealthTech,Entry level,Degree,On-site,44178,"Python, SQL, Power BI",2
JOB1638,2026-08-01,Financial Analyst,Finance,East of England,Public Sector,Mid level,Degree,Remote,51461,"Financial Modelling, Python, SQL, Forecasting, Power BI",2
JOB1639,2026-01-01,Data Analyst,Data,London,Insurance,Entry level,Degree,Remote,42936,"Tableau, Power BI, Statistics, SQL",8
JOB1640,2025-11-01,Software Engineer,Technology,South West,Banking,Mid level,Degree,Hybrid,60302,"Linux, Git, Docker",4
JOB1641,2025-07-01,Cyber Security Analyst,Technology,London,Telecoms,Entry level,Degree,Hybrid,47412,"SQL, Cyber Security, APIs, Docker, AWS",9
JOB1642,2026-01-01,Business Analyst,Business,East of England,Banking,Entry level,Degree,Hybrid,37850,"Agile, Stakeholder Management, Power BI, Excel, SQL",6
JOB1643,2025-06-01,Data Scientist,Data,London,Insurance,Entry level,No degree,Remote,46293,"Tableau, Statistics, Data Visualisation, SQL",2
JOB1644,2026-03-01,Cyber Security Analyst,Technology,London,Retail,Mid level,Degree,Hybrid,68240,"Docker, Git, SQL, APIs, Linux",6
JOB1645,2025-03-01,Operations Analyst,Operations,Scotland,Banking,Entry level,Degree,Hybrid,39924,"Process Improvement, Forecasting, Excel",5
JOB1646,2026-02-01,Data Scientist,Data,Scotland,E-commerce,Mid level,No degree,Hybrid,49498,"Statistics, Excel, Pandas, Power BI",6
JOB1647,2025-11-01,Cyber Security Analyst,Technology,London,FinTech,Senior,Degree,Remote,78742,"Linux, APIs, Docker, Python, AWS",6
JOB1648,2025-10-01,Business Analyst,Business,Northern Ireland,FinTech,Senior,No degree,Hybrid,72006,"Requirements Analysis, Power BI, Jira",3
JOB1649,2026-02-01,Software Engineer,Technology,South West,Insurance,Mid level,Master's,Hybrid,52125,"APIs, Python, Git, Docker, AWS",5
JOB1650,2026-02-01,Business Analyst,Business,North West,HealthTech,Mid level,Master's,Hybrid,47562,"Agile, Excel, SQL, Requirements Analysis",5
JOB1651,2026-11-01,Business Analyst,Business,South West,E-commerce,Senior,Degree,Hybrid,75796,"Power BI, Jira, Excel",6
JOB1652,2026-05-01,Software Engineer,Technology,South East,Consulting,Entry level,Master's,Remote,51778,"Linux, SQL, Python, AWS, Docker",1
JOB1653,2025-06-01,Project Manager,Business,North West,Banking,Mid level,Degree,Remote,49100,"Excel, Requirements Analysis, Agile",4
JOB1654,2026-04-01,Digital Marketing Analyst,Marketing,Scotland,Banking,Senior,Degree,Hybrid,61717,"Google Analytics, Python, SQL",6
JOB1655,2026-07-01,Software Engineer,Technology,North West,FinTech,Entry level,Master's,Hybrid,42110,"Cyber Security, APIs, Python, Git",7
JOB1656,2026-04-01,Software Engineer,Technology,Wales,FinTech,Mid level,Degree,Hybrid,50420,"SQL, Docker, Git, AWS, Python",5
JOB1657,2026-03-01,Cloud Engineer,Technology,London,Telecoms,Mid level,Master's,Hybrid,69434,"Git, APIs, AWS, Python",6
JOB1658,2025-08-01,Software Engineer,Technology,East of England,FinTech,Senior,Degree,On-site,74785,"APIs, Docker, Cyber Security, Python, AWS",3
JOB1659,2026-12-01,Data Scientist,Data,South West,Insurance,Entry level,Degree,Remote,42252,"Power BI, Python, SQL, Tableau, Data Visualisation",6
JOB1660,2026-06-01,Data Scientist,Data,South West,E-commerce,Mid level,Master's,Hybrid,58345,"Data Visualisation, Tableau, Power BI, Statistics, Python",6
JOB1661,2026-09-01,Cloud Engineer,Technology,North West,Telecoms,Mid level,Degree,Hybrid,53438,"SQL, APIs, Git",4
JOB1662,2025-07-01,Cloud Engineer,Technology,Scotland,Public Sector,Mid level,Degree,Hybrid,62449,"Python, APIs, Linux, SQL, Cyber Security",5
JOB1663,2026-08-01,Business Analyst,Business,London,E-commerce,Entry level,Degree,Hybrid,41615,"Requirements Analysis, Power BI, Stakeholder Management, Agile",5
JOB1664,2026-02-01,Cyber Security Analyst,Technology,North East,SaaS,Entry level,No degree,Hybrid,35726,"Python, Cyber Security, Docker",5
JOB1665,2026-12-01,Financial Analyst,Finance,London,SaaS,Mid level,Master's,Hybrid,60591,"Python, Forecasting, Excel",4
JOB1666,2025-06-01,BI Analyst,Data,East of England,Public Sector,Entry level,No degree,Hybrid,40547,"Python, Power BI, Pandas",5
JOB1667,2026-01-01,Cloud Engineer,Technology,London,Insurance,Mid level,Master's,Remote,68694,"AWS, Cyber Security, SQL",1
JOB1668,2025-02-01,Operations Analyst,Operations,London,Public Sector,Entry level,Master's,Hybrid,39368,"Power BI, Python, SQL",5
JOB1669,2026-03-01,Data Scientist,Data,North East,Banking,Mid level,No degree,Remote,63161,"Tableau, SQL, Pandas, Python, Excel",3
JOB1670,2025-12-01,BI Analyst,Data,Wales,FinTech,Entry level,Degree,Remote,40429,"Excel, Python, Tableau, SQL",4
JOB1671,2025-11-01,Cloud Engineer,Technology,East of England,HealthTech,Entry level,Master's,Hybrid,46886,"Git, Python, Docker",5
JOB1672,2026-04-01,Data Analyst,Data,South West,E-commerce,Entry level,Degree,Remote,50757,"SQL, Python, Statistics, Pandas",4
JOB1673,2026-03-01,Data Analyst,Data,West Midlands,Retail,Entry level,Master's,Hybrid,39139,"Power BI, Tableau, Data Visualisation",3
JOB1674,2026-01-01,Data Analyst,Data,East of England,SaaS,Entry level,Master's,Hybrid,37891,"Data Visualisation, Statistics, Python, Power BI, Excel",5
JOB1675,2026-10-01,Operations Analyst,Operations,South East,FinTech,Entry level,Degree,Hybrid,49709,"Python, Process Improvement, Forecasting, Power BI",6
JOB1676,2026-06-01,Cyber Security Analyst,Technology,Yorkshire & Humber,Insurance,Entry level,No degree,Hybrid,41097,"AWS, Git, Linux, Docker, APIs",5
JOB1677,2026-04-01,Data Scientist,Data,Northern Ireland,FinTech,Senior,Degree,Hybrid,78341,"Excel, Power BI, SQL",7
JOB1678,2026-02-01,BI Analyst,Data,London,Retail,Mid level,Degree,Hybrid,62402,"Python, Statistics, Pandas, Data Visualisation, Excel",6
JOB1679,2025-06-01,Software Engineer,Technology,West Midlands,E-commerce,Entry level,Degree,On-site,37705,"SQL, Git, AWS, Python, APIs",3
JOB1680,2026-06-01,Data Analyst,Data,London,Telecoms,Entry level,Degree,Hybrid,54693,"Data Visualisation, Pandas, Power BI, SQL",7
JOB1681,2026-03-01,Cyber Security Analyst,Technology,North West,Telecoms,Senior,Degree,Remote,72261,"Linux, Python, Docker, Git, APIs",6
JOB1682,2026-01-01,Business Analyst,Business,North West,HealthTech,Mid level,Degree,Hybrid,51072,"Power BI, SQL, Excel, Stakeholder Management, Requirements Analysis",4
JOB1683,2026-01-01,Software Engineer,Technology,South East,Telecoms,Senior,Degree,Hybrid,75914,"Git, AWS, Cyber Security, Python, SQL",7
JOB1684,2025-02-01,Cloud Engineer,Technology,East of England,FinTech,Entry level,Degree,Hybrid,44767,"Git, AWS, Docker",5
JOB1685,2025-09-01,Product Analyst,Data,London,SaaS,Entry level,Degree,Remote,44714,"Pandas, Statistics, SQL",6
JOB1686,2025-06-01,BI Analyst,Data,South East,Retail,Mid level,Degree,Hybrid,49497,"Statistics, Pandas, Power BI",8
JOB1687,2025-12-01,Digital Marketing Analyst,Marketing,North West,FinTech,Mid level,Degree,Hybrid,42887,"A/B Testing, Google Analytics, Python",4
JOB1688,2026-05-01,Software Engineer,Technology,London,E-commerce,Entry level,Master's,On-site,50249,"Docker, APIs, Cyber Security",3
JOB1689,2025-07-01,Operations Analyst,Operations,North East,FinTech,Entry level,Degree,Hybrid,39072,"Forecasting, Excel, Process Improvement",8
JOB1690,2026-06-01,Financial Analyst,Finance,East of England,E-commerce,Mid level,Degree,On-site,54807,"Forecasting, Excel, Power BI, SQL, Financial Modelling",4
JOB1691,2026-04-01,Data Analyst,Data,Yorkshire & Humber,SaaS,Senior,Degree,Remote,70038,"Pandas, Python, SQL, Statistics, Data Visualisation",4
JOB1692,2025-11-01,Operations Analyst,Operations,South East,E-commerce,Senior,Degree,Hybrid,62298,"Python, SQL, Excel, Forecasting, Process Improvement",6
JOB1693,2026-06-01,Data Scientist,Data,West Midlands,E-commerce,Entry level,Degree,Remote,39613,"Statistics, Power BI, Pandas",5
JOB1694,2025-07-01,Data Analyst,Data,London,Retail,Senior,Degree,Hybrid,74946,"SQL, Python, Tableau, Pandas",5
JOB1695,2025-02-01,Data Scientist,Data,London,FinTech,Entry level,Degree,Remote,52626,"Statistics, Pandas, Data Visualisation, Tableau",2
JOB1696,2025-07-01,Cloud Engineer,Technology,Wales,Consulting,Mid level,Degree,Hybrid,50240,"Linux, Python, AWS, APIs, Docker",8
JOB1697,2026-08-01,Data Analyst,Data,South East,Retail,Senior,Degree,Hybrid,71557,"Pandas, Tableau, SQL, Power BI",6
JOB1698,2025-04-01,Business Analyst,Business,South East,E-commerce,Entry level,Degree,Hybrid,41530,"Power BI, Requirements Analysis, SQL",4
JOB1699,2025-07-01,Business Analyst,Business,Northern Ireland,FinTech,Mid level,Master's,Hybrid,48728,"Requirements Analysis, Agile, Stakeholder Management, SQL, Excel",5
JOB1700,2025-09-01,BI Analyst,Data,London,HealthTech,Entry level,Master's,Hybrid,45065,"SQL, Excel, Data Visualisation, Pandas",3
JOB1701,2025-10-01,Operations Analyst,Operations,London,E-commerce,Mid level,Degree,Hybrid,50489,"Excel, Process Improvement, Power BI, SQL",6
JOB1702,2026-08-01,Data Analyst,Data,South West,FinTech,Mid level,Degree,Hybrid,51688,"SQL, Pandas, Python, Power BI",6
JOB1703,2026-05-01,Project Manager,Business,North West,FinTech,Entry level,Master's,Hybrid,36046,"Power BI, Excel, SQL, Agile",4
JOB1704,2025-10-01,Data Analyst,Data,West Midlands,FinTech,Entry level,Degree,Hybrid,43832,"Statistics, Excel, Data Visualisation, Pandas",9
JOB1705,2025-05-01,Data Analyst,Data,South East,Public Sector,Mid level,Degree,Remote,47740,"Excel, Tableau, Pandas, Statistics, Data Visualisation",4
JOB1706,2026-11-01,Business Analyst,Business,East of England,Banking,Senior,Degree,Remote,75667,"Excel, Jira, Stakeholder Management, Power BI",4
JOB1707,2026-04-01,Operations Analyst,Operations,South West,Retail,Entry level,Degree,Hybrid,24615,"Excel, Python, Forecasting",11
JOB1708,2026-01-01,Data Scientist,Data,Northern Ireland,HealthTech,Entry level,Degree,Hybrid,47577,"Power BI, Excel, Data Visualisation, Tableau",9
JOB1709,2025-05-01,BI Analyst,Data,North West,FinTech,Mid level,Degree,Hybrid,48323,"Power BI, Tableau, Data Visualisation, Excel, Statistics",5
JOB1710,2026-08-01,Data Analyst,Data,London,SaaS,Mid level,Degree,Remote,71172,"Excel, Pandas, SQL",3
JOB1711,2026-01-01,BI Analyst,Data,North West,SaaS,Entry level,Degree,Hybrid,45204,"Statistics, Excel, Data Visualisation, Power BI",7
JOB1712,2026-12-01,Product Analyst,Data,West Midlands,Public Sector,Senior,Degree,On-site,72135,"Pandas, Statistics, Excel",5
JOB1713,2025-01-01,Cloud Engineer,Technology,London,HealthTech,Mid level,Master's,Remote,55224,"Docker, APIs, Linux, Git",3
JOB1714,2026-10-01,Project Manager,Business,West Midlands,Insurance,Entry level,Degree,Hybrid,36169,"Agile, Jira, Power BI",7
JOB1715,2025-03-01,Product Analyst,Data,Northern Ireland,HealthTech,Senior,Degree,Hybrid,64325,"Power BI, Tableau, SQL",6
JOB1716,2026-04-01,Product Analyst,Data,East of England,Insurance,Mid level,Degree,Hybrid,53389,"Tableau, SQL, Statistics, Data Visualisation, Excel",5
JOB1717,2026-02-01,Software Engineer,Technology,North West,Banking,Entry level,No degree,Hybrid,36739,"Docker, Python, Cyber Security, AWS, SQL",3
JOB1718,2025-07-01,Operations Analyst,Operations,South East,E-commerce,Entry level,Degree,Hybrid,35997,"Excel, SQL, Process Improvement, Forecasting, Power BI",5
JOB1719,2026-08-01,Data Analyst,Data,Yorkshire & Humber,SaaS,Mid level,Degree,Hybrid,43421,"SQL, Statistics, Data Visualisation, Tableau, Power BI",7
JOB1720,2026-03-01,Software Engineer,Technology,North West,SaaS,Entry level,Master's,Hybrid,39095,"SQL, Docker, Cyber Security",6
JOB1721,2026-12-01,Project Manager,Business,South West,Public Sector,Entry level,Degree,Hybrid,38453,"SQL, Jira, Requirements Analysis, Power BI",4
JOB1722,2026-09-01,Software Engineer,Technology,London,FinTech,Senior,Degree,Hybrid,89478,"Linux, Cyber Security, AWS, Git, SQL",7
JOB1723,2026-08-01,Business Analyst,Business,London,Banking,Entry level,Degree,On-site,44415,"Power BI, Excel, SQL",2
JOB1724,2026-05-01,Project Manager,Business,South East,Retail,Senior,Master's,On-site,84593,"Agile, Jira, Requirements Analysis, SQL, Stakeholder Management",3
JOB1725,2026-09-01,Operations Analyst,Operations,Wales,Retail,Entry level,Degree,Remote,24000,"Process Improvement, Forecasting, Excel",2
JOB1726,2025-11-01,Software Engineer,Technology,North West,SaaS,Entry level,No degree,Remote,42770,"AWS, SQL, Docker",1
JOB1727,2025-10-01,Business Analyst,Business,London,FinTech,Entry level,Master's,On-site,49344,"Power BI, Stakeholder Management, Agile, SQL",1
JOB1728,2025-01-01,Operations Analyst,Operations,North West,Public Sector,Senior,Degree,Remote,58498,"Excel, Power BI, Python",4
JOB1729,2026-01-01,Business Analyst,Business,South West,Retail,Mid level,Degree,Hybrid,56438,"Power BI, Jira, Excel",5
JOB1730,2026-05-01,Digital Marketing Analyst,Marketing,South East,E-commerce,Entry level,Degree,Hybrid,31729,"Power BI, Excel, Google Analytics, A/B Testing",8
JOB1731,2026-02-01,Software Engineer,Technology,London,Telecoms,Mid level,Degree,Hybrid,60214,"APIs, Git, AWS, Docker",7
JOB1732,2026-04-01,Data Scientist,Data,London,Banking,Mid level,Degree,Hybrid,55612,"Power BI, Python, SQL, Tableau, Pandas",6
JOB1733,2025-09-01,Cloud Engineer,Technology,London,SaaS,Entry level,Master's,Remote,49084,"AWS, Docker, APIs, Cyber Security",4
JOB1734,2025-11-01,Business Analyst,Business,East of England,Consulting,Mid level,Master's,On-site,39023,"Jira, SQL, Agile, Requirements Analysis, Excel",2
JOB1735,2026-01-01,Software Engineer,Technology,North West,SaaS,Senior,Degree,Hybrid,85288,"Cyber Security, APIs, AWS",6
JOB1736,2025-05-01,Project Manager,Business,North West,Insurance,Entry level,Degree,Hybrid,38883,"Jira, SQL, Stakeholder Management",8
JOB1737,2025-04-01,Financial Analyst,Finance,South West,Consulting,Mid level,Degree,Remote,47780,"Python, Power BI, SQL",4
JOB1738,2025-05-01,Cloud Engineer,Technology,East of England,Insurance,Mid level,Degree,On-site,62925,"Python, Docker, Git, Cyber Security, AWS",4
JOB1739,2026-06-01,Operations Analyst,Operations,North East,SaaS,Entry level,Degree,Remote,26764,"Python, Excel, Power BI, SQL, Process Improvement",4
JOB1740,2025-10-01,BI Analyst,Data,South West,Telecoms,Entry level,Degree,Remote,37992,"Excel, Data Visualisation, Statistics, Python, SQL",3
JOB1741,2026-10-01,Data Scientist,Data,South East,SaaS,Entry level,Master's,Hybrid,51188,"Tableau, Power BI, Python",3
JOB1742,2026-10-01,BI Analyst,Data,West Midlands,FinTech,Mid level,Degree,Hybrid,48031,"Python, Excel, SQL, Pandas",7
JOB1743,2025-02-01,Data Analyst,Data,Yorkshire & Humber,HealthTech,Mid level,No degree,Hybrid,38506,"Excel, SQL, Power BI",3
JOB1744,2026-01-01,Cloud Engineer,Technology,Wales,Public Sector,Mid level,Degree,Remote,51367,"Git, APIs, AWS, Python",7
JOB1745,2026-04-01,Product Analyst,Data,London,Telecoms,Mid level,No degree,Remote,61274,"Excel, SQL, Power BI, Tableau",2
JOB1746,2025-05-01,Financial Analyst,Finance,London,Insurance,Entry level,Degree,Hybrid,37914,"Power BI, SQL, Python, Forecasting",8
JOB1747,2026-09-01,Financial Analyst,Finance,Wales,SaaS,Senior,Degree,Remote,66366,"Power BI, Financial Modelling, Python, Forecasting, Excel",2
JOB1748,2026-11-01,Operations Analyst,Operations,East of England,E-commerce,Mid level,Degree,Remote,48920,"SQL, Process Improvement, Power BI, Python",5
JOB1749,2026-10-01,Data Scientist,Data,South East,Banking,Entry level,Degree,Remote,62442,"Python, Tableau, Excel, Pandas",5
JOB1750,2026-02-01,Business Analyst,Business,East of England,Insurance,Entry level,Master's,Hybrid,26840,"Requirements Analysis, Agile, SQL, Stakeholder Management, Jira",8
JOB1751,2025-04-01,Software Engineer,Technology,North East,E-commerce,Mid level,Master's,On-site,55465,"Cyber Security, Python, Git",2
JOB1752,2025-07-01,BI Analyst,Data,East of England,Banking,Senior,Degree,Hybrid,75325,"Pandas, SQL, Data Visualisation, Power BI",6
JOB1753,2026-05-01,Cyber Security Analyst,Technology,East of England,FinTech,Mid level,Degree,Remote,56398,"AWS, Cyber Security, Linux",2
JOB1754,2026-03-01,Operations Analyst,Operations,London,Retail,Senior,Master's,Hybrid,68306,"Forecasting, Process Improvement, SQL",6
JOB1755,2025-04-01,Product Analyst,Data,North West,FinTech,Entry level,Master's,Remote,36049,"Data Visualisation, Power BI, Excel",2
JOB1756,2025-12-01,Data Scientist,Data,Scotland,HealthTech,Mid level,Degree,Remote,55775,"Pandas, Tableau, Data Visualisation, Statistics, SQL",3
JOB1757,2026-01-01,BI Analyst,Data,South West,Banking,Mid level,Master's,Remote,58665,"Statistics, Data Visualisation, Excel, Pandas, Python",1
JOB1758,2026-09-01,Data Scientist,Data,Scotland,Telecoms,Entry level,Degree,Hybrid,42495,"Statistics, Python, Excel",7
JOB1759,2026-08-01,Software Engineer,Technology,East of England,Public Sector,Entry level,Degree,Remote,43776,"SQL, Git, Linux",2
JOB1760,2025-12-01,Financial Analyst,Finance,Wales,HealthTech,Mid level,Master's,Hybrid,45858,"Power BI, Financial Modelling, Forecasting",5
JOB1761,2025-01-01,Product Analyst,Data,South East,Banking,Senior,Degree,Remote,69567,"Pandas, SQL, Power BI, Statistics",6
JOB1762,2025-06-01,Business Analyst,Business,South East,E-commerce,Mid level,Degree,Hybrid,56944,"Requirements Analysis, SQL, Jira, Power BI, Agile",8
JOB1763,2025-08-01,Data Analyst,Data,Yorkshire & Humber,Retail,Entry level,No degree,Remote,41874,"Tableau, Pandas, Data Visualisation, Power BI, Python",4
JOB1764,2025-02-01,Data Analyst,Data,London,Insurance,Mid level,Degree,On-site,58633,"Data Visualisation, Excel, Python, SQL, Power BI",3
JOB1765,2026-06-01,Data Scientist,Data,East of England,Banking,Mid level,Degree,Remote,59961,"Tableau, Excel, Data Visualisation, Pandas, SQL",4
JOB1766,2026-08-01,Business Analyst,Business,South East,Insurance,Mid level,Degree,Hybrid,59402,"SQL, Agile, Stakeholder Management",5
JOB1767,2025-06-01,BI Analyst,Data,South East,SaaS,Mid level,Master's,Hybrid,55473,"Power BI, Tableau, Python, Pandas",5
JOB1768,2025-03-01,Product Analyst,Data,West Midlands,HealthTech,Entry level,Degree,Hybrid,30680,"Power BI, Python, Pandas, SQL, Data Visualisation",5
JOB1769,2025-04-01,Operations Analyst,Operations,London,Consulting,Senior,Degree,Hybrid,62108,"Forecasting, Excel, Python, Power BI",4
JOB1770,2025-09-01,Data Analyst,Data,Scotland,HealthTech,Entry level,Degree,On-site,35639,"SQL, Data Visualisation, Power BI, Pandas",5
JOB1771,2025-10-01,Software Engineer,Technology,Yorkshire & Humber,FinTech,Mid level,Master's,On-site,61512,"AWS, Git, APIs, SQL, Docker",2
JOB1772,2025-06-01,Financial Analyst,Finance,South East,Retail,Entry level,No degree,Remote,38782,"SQL, Excel, Forecasting",4
JOB1773,2026-02-01,Cyber Security Analyst,Technology,South East,Banking,Entry level,No degree,Remote,43750,"Python, AWS, APIs",2
JOB1774,2025-05-01,Business Analyst,Business,South West,Insurance,Entry level,Degree,Remote,41459,"Agile, Jira, SQL",4
JOB1775,2025-03-01,Data Scientist,Data,West Midlands,Consulting,Mid level,Master's,Hybrid,52043,"Excel, SQL, Tableau, Statistics, Data Visualisation",7
JOB1776,2026-03-01,BI Analyst,Data,London,Retail,Mid level,Degree,Remote,58787,"Excel, Power BI, Python, Tableau, SQL",4
JOB1777,2025-08-01,Cyber Security Analyst,Technology,Northern Ireland,Insurance,Senior,Degree,Hybrid,76665,"APIs, AWS, Python, SQL, Docker",5
JOB1778,2025-04-01,Cloud Engineer,Technology,London,SaaS,Entry level,Degree,Remote,52512,"SQL, APIs, AWS, Linux, Git",4
JOB1779,2026-03-01,Data Analyst,Data,Scotland,Banking,Entry level,Master's,Hybrid,35908,"Pandas, Excel, Tableau, Python",5
JOB1780,2025-11-01,Financial Analyst,Finance,London,E-commerce,Entry level,Degree,Hybrid,49538,"Excel, Financial Modelling, Forecasting",4
JOB1781,2025-10-01,BI Analyst,Data,London,E-commerce,Entry level,No degree,Hybrid,52448,"Power BI, Statistics, Pandas",7
JOB1782,2026-08-01,Data Scientist,Data,London,Banking,Entry level,Degree,Hybrid,43044,"Power BI, Python, Excel, SQL",7
JOB1783,2026-09-01,Software Engineer,Technology,North West,Insurance,Entry level,Degree,Hybrid,40031,"Docker, APIs, Cyber Security, Git, AWS",5
JOB1784,2025-11-01,Software Engineer,Technology,South West,SaaS,Entry level,Degree,On-site,40936,"SQL, Docker, APIs, Git",6
JOB1785,2026-12-01,Project Manager,Business,London,SaaS,Entry level,No degree,Remote,44226,"Agile, Power BI, Excel, Requirements Analysis",2
JOB1786,2025-06-01,Operations Analyst,Operations,Northern Ireland,Retail,Senior,Degree,Hybrid,60375,"Excel, Power BI, Python, Process Improvement",5
JOB1787,2026-06-01,Business Analyst,Business,London,E-commerce,Mid level,Master's,Hybrid,58725,"Stakeholder Management, Agile, Jira",5
JOB1788,2026-12-01,Cloud Engineer,Technology,Scotland,Public Sector,Entry level,Degree,Remote,45728,"Python, Git, SQL",4
JOB1789,2025-12-01,Data Analyst,Data,London,Insurance,Entry level,Master's,Hybrid,51476,"Power BI, Tableau, Python",6
JOB1790,2025-10-01,Data Analyst,Data,London,FinTech,Senior,Degree,Remote,75739,"Power BI, Statistics, Python",3
JOB1791,2025-10-01,BI Analyst,Data,East of England,HealthTech,Entry level,No degree,Hybrid,45766,"Excel, Tableau, Python",5
JOB1792,2025-06-01,Digital Marketing Analyst,Marketing,West Midlands,Retail,Entry level,Degree,Remote,34255,"Google Analytics, Excel, SQL, A/B Testing, Power BI",3
JOB1793,2025-06-01,Cyber Security Analyst,Technology,London,Consulting,Mid level,Master's,Remote,58907,"Docker, APIs, Linux, Git",2
JOB1794,2026-10-01,Financial Analyst,Finance,Wales,HealthTech,Senior,Degree,Hybrid,72742,"Financial Modelling, Excel, SQL, Python, Power BI",6
JOB1795,2026-04-01,Business Analyst,Business,Scotland,E-commerce,Senior,No degree,Remote,61146,"Agile, SQL, Power BI",3
JOB1796,2026-10-01,BI Analyst,Data,Wales,Public Sector,Mid level,Master's,Remote,43090,"Statistics, Excel, Pandas, SQL, Tableau",2
JOB1797,2026-03-01,Cyber Security Analyst,Technology,North East,FinTech,Entry level,Degree,Hybrid,41101,"SQL, Cyber Security, APIs, Linux",4
JOB1798,2025-02-01,Cloud Engineer,Technology,South West,Consulting,Mid level,Master's,Hybrid,59354,"Docker, APIs, Git, Python, Linux",6
JOB1799,2025-02-01,Product Analyst,Data,West Midlands,Insurance,Entry level,Degree,Hybrid,28743,"Python, SQL, Pandas, Excel",5
JOB1800,2025-07-01,Operations Analyst,Operations,London,Consulting,Entry level,Degree,Hybrid,43936,"Process Improvement, Power BI, SQL, Python, Forecasting",4
JOB1801,2026-04-01,Cloud Engineer,Technology,Yorkshire & Humber,Telecoms,Mid level,Master's,Hybrid,50723,"Cyber Security, AWS, Linux, SQL",4
JOB1802,2025-01-01,Data Analyst,Data,London,Retail,Mid level,Degree,Hybrid,60381,"Power BI, Data Visualisation, Statistics",9
JOB1803,2026-04-01,Digital Marketing Analyst,Marketing,West Midlands,Public Sector,Mid level,Degree,Hybrid,33586,"Google Analytics, A/B Testing, Power BI, Excel, Python",5
JOB1804,2026-05-01,Business Analyst,Business,Scotland,Consulting,Mid level,No degree,Hybrid,42063,"Power BI, Requirements Analysis, Jira, SQL, Agile",3
JOB1805,2025-02-01,Data Analyst,Data,Yorkshire & Humber,E-commerce,Entry level,Degree,Hybrid,40650,"Excel, Data Visualisation, Pandas, Statistics",7
JOB1806,2026-09-01,Project Manager,Business,East of England,FinTech,Entry level,Master's,Remote,37699,"Excel, Stakeholder Management, SQL, Power BI, Requirements Analysis",5
JOB1807,2026-07-01,Cloud Engineer,Technology,North West,Public Sector,Senior,Degree,Remote,72921,"SQL, APIs, Python, Docker, Git",4
JOB1808,2025-05-01,Business Analyst,Business,Yorkshire & Humber,Banking,Mid level,Master's,Remote,41576,"Jira, Excel, Power BI, Requirements Analysis, SQL",2
JOB1809,2025-09-01,Operations Analyst,Operations,London,Public Sector,Mid level,No degree,Remote,65025,"Process Improvement, Python, Power BI",2
JOB1810,2026-08-01,Digital Marketing Analyst,Marketing,West Midlands,Retail,Senior,Degree,On-site,70321,"A/B Testing, Python, Power BI, SQL, Google Analytics",2
JOB1811,2026-10-01,Business Analyst,Business,West Midlands,HealthTech,Entry level,Degree,On-site,40722,"Power BI, SQL, Excel, Agile",5
JOB1812,2026-12-01,Product Analyst,Data,London,HealthTech,Mid level,Degree,Hybrid,63715,"Excel, Data Visualisation, Pandas, Power BI",6
JOB1813,2025-05-01,Data Analyst,Data,London,FinTech,Entry level,Degree,Hybrid,46444,"SQL, Pandas, Python, Data Visualisation, Statistics",8
JOB1814,2025-04-01,Digital Marketing Analyst,Marketing,Yorkshire & Humber,SaaS,Mid level,Degree,Hybrid,46749,"Google Analytics, SQL, Power BI, Python",6
JOB1815,2026-08-01,Project Manager,Business,North West,Insurance,Entry level,Master's,On-site,30286,"Stakeholder Management, Jira, Agile, SQL, Requirements Analysis",4
JOB1816,2026-06-01,Financial Analyst,Finance,South East,FinTech,Mid level,Degree,Hybrid,50805,"Python, Power BI, Financial Modelling",5
JOB1817,2025-06-01,Data Scientist,Data,South East,FinTech,Mid level,Master's,On-site,61293,"Excel, Tableau, Python",2
JOB1818,2025-08-01,Software Engineer,Technology,West Midlands,Banking,Mid level,Master's,Hybrid,57337,"Python, APIs, Git",4
JOB1819,2026-08-01,Financial Analyst,Finance,Scotland,FinTech,Entry level,Degree,On-site,40842,"Excel, SQL, Python",5
JOB1820,2025-05-01,Project Manager,Business,South West,HealthTech,Mid level,Degree,Hybrid,48907,"Agile, Requirements Analysis, Jira, SQL, Excel",4
JOB1821,2025-11-01,Business Analyst,Business,London,Public Sector,Entry level,Degree,Remote,40401,"Stakeholder Management, SQL, Power BI",4
JOB1822,2026-05-01,Data Analyst,Data,London,SaaS,Senior,Degree,Remote,81577,"Excel, Python, SQL, Pandas, Tableau",6
JOB1823,2025-05-01,Financial Analyst,Finance,South East,SaaS,Entry level,Degree,On-site,40264,"SQL, Excel, Forecasting, Power BI, Python",2
JOB1824,2025-01-01,Data Analyst,Data,South West,Retail,Mid level,Degree,Hybrid,43391,"Python, SQL, Data Visualisation",6
JOB1825,2026-06-01,Cyber Security Analyst,Technology,Wales,E-commerce,Entry level,Master's,Hybrid,29508,"APIs, Git, Linux",3
JOB1826,2026-07-01,Product Analyst,Data,London,FinTech,Entry level,Degree,Hybrid,51389,"Statistics, Tableau, SQL, Excel",5
JOB1827,2025-11-01,Software Engineer,Technology,South East,Retail,Entry level,Degree,Hybrid,43843,"SQL, AWS, APIs",5
JOB1828,2026-08-01,Software Engineer,Technology,London,Telecoms,Mid level,Master's,On-site,54395,"APIs, Cyber Security, Linux, Git, Python",1
JOB1829,2026-07-01,Digital Marketing Analyst,Marketing,West Midlands,Public Sector,Entry level,Master's,Hybrid,27588,"Google Analytics, Excel, Power BI, A/B Testing",5
JOB1830,2026-07-01,Project Manager,Business,Scotland,Public Sector,Entry level,Degree,Remote,43955,"SQL, Agile, Jira, Excel, Stakeholder Management",7
JOB1831,2025-07-01,Data Analyst,Data,North West,Public Sector,Entry level,Degree,Hybrid,37752,"Data Visualisation, Statistics, SQL",6
JOB1832,2025-10-01,Cloud Engineer,Technology,Yorkshire & Humber,Consulting,Senior,Degree,Hybrid,71475,"Linux, Git, Docker",7
JOB1833,2025-04-01,Software Engineer,Technology,West Midlands,FinTech,Entry level,Master's,Remote,40748,"Cyber Security, Linux, Git",2
JOB1834,2025-05-01,Project Manager,Business,London,Consulting,Mid level,Master's,Remote,54015,"Agile, Excel, Jira, Power BI, Requirements Analysis",2
JOB1835,2025-11-01,Operations Analyst,Operations,South East,Banking,Mid level,No degree,Remote,44210,"Power BI, Python, Excel, SQL",2
JOB1836,2026-03-01,Operations Analyst,Operations,Wales,Telecoms,Mid level,No degree,Hybrid,44335,"SQL, Python, Excel, Process Improvement",7
JOB1837,2025-07-01,Project Manager,Business,South East,Consulting,Entry level,No degree,Hybrid,36435,"Jira, Stakeholder Management, Requirements Analysis",6
JOB1838,2025-11-01,Software Engineer,Technology,North West,SaaS,Entry level,Master's,Hybrid,38698,"Linux, Cyber Security, APIs, Git, SQL",7
JOB1839,2025-08-01,Data Analyst,Data,South East,Retail,Senior,Degree,Hybrid,72923,"Data Visualisation, Pandas, Python, Tableau, Power BI",7
JOB1840,2026-09-01,Cyber Security Analyst,Technology,London,Public Sector,Entry level,Degree,Hybrid,42421,"Python, APIs, Git, Docker, AWS",4
JOB1841,2025-02-01,Software Engineer,Technology,South East,Insurance,Mid level,Degree,Remote,48268,"AWS, SQL, APIs",3
JOB1842,2026-08-01,BI Analyst,Data,North West,Public Sector,Senior,Degree,On-site,67422,"Pandas, Python, Tableau, SQL, Statistics",3
JOB1843,2025-06-01,Project Manager,Business,North West,Telecoms,Senior,Master's,Hybrid,66356,"Stakeholder Management, Power BI, Agile",4
JOB1844,2025-05-01,Operations Analyst,Operations,North West,SaaS,Senior,No degree,Hybrid,62512,"Process Improvement, SQL, Power BI",3
JOB1845,2025-01-01,Data Analyst,Data,North West,Banking,Mid level,Degree,Hybrid,49999,"Data Visualisation, Tableau, SQL, Python",6
JOB1846,2025-01-01,Business Analyst,Business,London,SaaS,Mid level,No degree,Remote,64442,"Excel, SQL, Requirements Analysis, Power BI, Jira",3
JOB1847,2025-05-01,Product Analyst,Data,Yorkshire & Humber,Telecoms,Senior,Degree,On-site,63436,"Statistics, SQL, Data Visualisation",2
JOB1848,2026-12-01,Data Scientist,Data,Yorkshire & Humber,E-commerce,Senior,Degree,Hybrid,70892,"Excel, Statistics, Power BI, SQL",6
JOB1849,2026-09-01,Operations Analyst,Operations,West Midlands,Telecoms,Senior,Degree,Remote,71151,"Python, Forecasting, Excel, Power BI, SQL",2
JOB1850,2026-11-01,Product Analyst,Data,Scotland,Insurance,Mid level,Degree,Hybrid,55675,"Excel, Data Visualisation, Python, SQL, Statistics",10
JOB1851,2026-03-01,Operations Analyst,Operations,London,Consulting,Mid level,Degree,Hybrid,48636,"Power BI, Process Improvement, Forecasting, Python, SQL",9
JOB1852,2025-03-01,Data Analyst,Data,West Midlands,FinTech,Entry level,No degree,Hybrid,32774,"Pandas, Data Visualisation, Statistics, Tableau",4
JOB1853,2026-01-01,Data Analyst,Data,North West,Insurance,Entry level,Degree,Hybrid,39092,"Data Visualisation, Python, Power BI, SQL",7
JOB1854,2025-03-01,Data Analyst,Data,North West,E-commerce,Entry level,Degree,Hybrid,43819,"SQL, Power BI, Statistics",5
JOB1855,2026-01-01,Operations Analyst,Operations,North West,E-commerce,Mid level,Degree,Hybrid,48861,"Python, Power BI, Excel",7
JOB1856,2026-07-01,Operations Analyst,Operations,South East,Telecoms,Entry level,Degree,Hybrid,28001,"Forecasting, Process Improvement, Python",9
JOB1857,2026-12-01,Operations Analyst,Operations,West Midlands,Public Sector,Senior,Degree,Hybrid,63912,"Power BI, Forecasting, Python, SQL, Process Improvement",4
JOB1858,2026-05-01,Cyber Security Analyst,Technology,London,E-commerce,Entry level,No degree,Hybrid,48558,"SQL, Linux, Docker, APIs, Python",7
JOB1859,2026-08-01,Financial Analyst,Finance,South East,SaaS,Entry level,Degree,Hybrid,37375,"Power BI, Forecasting, Excel, Financial Modelling, SQL",5
JOB1860,2026-06-01,Data Analyst,Data,North West,Telecoms,Entry level,Master's,Remote,38086,"Excel, SQL, Tableau, Statistics",2
JOB1861,2026-08-01,Cloud Engineer,Technology,South West,FinTech,Mid level,Degree,Hybrid,43888,"Docker, SQL, APIs, AWS, Git",5
JOB1862,2026-09-01,Project Manager,Business,London,HealthTech,Senior,Degree,Hybrid,79014,"Jira, SQL, Requirements Analysis, Power BI",8
JOB1863,2025-01-01,Data Analyst,Data,West Midlands,Public Sector,Senior,Degree,Hybrid,66538,"Python, Excel, Tableau",5
JOB1864,2026-02-01,Operations Analyst,Operations,South East,E-commerce,Entry level,Degree,Hybrid,45910,"Process Improvement, Forecasting, Excel, Power BI",7
JOB1865,2026-04-01,Data Analyst,Data,London,Public Sector,Senior,Degree,Hybrid,76930,"Excel, Data Visualisation, SQL",5
JOB1866,2025-11-01,Financial Analyst,Finance,North East,Telecoms,Mid level,Degree,Hybrid,47643,"Financial Modelling, Excel, Power BI, Python, Forecasting",6
JOB1867,2025-12-01,BI Analyst,Data,South East,Retail,Entry level,Degree,Hybrid,45122,"Statistics, Python, Pandas, Excel, Power BI",6
JOB1868,2025-05-01,Data Analyst,Data,London,Consulting,Mid level,Degree,Hybrid,66032,"Tableau, SQL, Statistics",5
JOB1869,2025-05-01,Project Manager,Business,West Midlands,Consulting,Mid level,Degree,On-site,51558,"Power BI, SQL, Jira",9
JOB1870,2025-05-01,Financial Analyst,Finance,North East,Public Sector,Mid level,Master's,Hybrid,46236,"SQL, Forecasting, Python, Excel, Financial Modelling",4
JOB1871,2025-10-01,Business Analyst,Business,North West,HealthTech,Entry level,Degree,On-site,37087,"Requirements Analysis, Agile, SQL, Power BI",5
JOB1872,2026-06-01,Cloud Engineer,Technology,London,E-commerce,Mid level,Degree,Remote,67067,"SQL, Docker, Linux",3
JOB1873,2025-07-01,Project Manager,Business,East of England,Consulting,Mid level,Degree,Hybrid,55190,"Agile, Jira, Stakeholder Management, Power BI, Excel",5
JOB1874,2025-12-01,Operations Analyst,Operations,London,Banking,Entry level,Master's,Hybrid,38947,"Excel, Python, SQL",4
JOB1875,2025-07-01,Software Engineer,Technology,North West,Consulting,Mid level,No degree,Remote,43282,"Cyber Security, Linux, SQL, AWS, Git",2
JOB1876,2026-09-01,Data Scientist,Data,West Midlands,Public Sector,Mid level,Degree,Remote,47693,"SQL, Data Visualisation, Power BI",4
JOB1877,2025-07-01,Operations Analyst,Operations,Wales,Telecoms,Mid level,Master's,Hybrid,33928,"SQL, Forecasting, Python, Power BI",6
JOB1878,2025-11-01,Cloud Engineer,Technology,London,Consulting,Senior,Master's,Hybrid,88773,"Cyber Security, AWS, SQL",4
JOB1879,2025-04-01,Business Analyst,Business,South East,FinTech,Senior,Master's,On-site,84488,"Stakeholder Management, Power BI, Excel, Agile",2
JOB1880,2026-11-01,BI Analyst,Data,West Midlands,E-commerce,Mid level,Degree,Remote,56384,"Python, Excel, Data Visualisation, SQL",4
JOB1881,2025-05-01,Business Analyst,Business,Northern Ireland,Telecoms,Entry level,Degree,Hybrid,37922,"Agile, Power BI, Excel, Requirements Analysis, Jira",8
JOB1882,2026-08-01,Project Manager,Business,West Midlands,Consulting,Mid level,Degree,Remote,45440,"Power BI, Jira, Stakeholder Management, SQL, Requirements Analysis",3
JOB1883,2025-02-01,Data Analyst,Data,South East,HealthTech,Entry level,No degree,Hybrid,41142,"Python, Statistics, Tableau, SQL",5
JOB1884,2025-12-01,BI Analyst,Data,South East,Telecoms,Mid level,Degree,Hybrid,53377,"Python, SQL, Tableau",6
JOB1885,2026-05-01,Financial Analyst,Finance,North West,Telecoms,Senior,Degree,Hybrid,71881,"Power BI, Financial Modelling, Python, Forecasting",10
JOB1886,2025-11-01,BI Analyst,Data,Scotland,Banking,Mid level,Master's,Hybrid,50959,"Pandas, Power BI, Python, Excel, SQL",6
JOB1887,2026-09-01,Data Scientist,Data,Wales,Telecoms,Senior,Degree,On-site,70896,"Pandas, Statistics, Tableau, Python",4
JOB1888,2026-11-01,BI Analyst,Data,North West,HealthTech,Entry level,Degree,Hybrid,36298,"Excel, Pandas, Statistics, SQL",4
JOB1889,2026-08-01,Product Analyst,Data,South West,Banking,Entry level,Degree,Remote,31871,"SQL, Tableau, Excel, Pandas, Data Visualisation",5
JOB1890,2025-05-01,Data Analyst,Data,East of England,Consulting,Entry level,Master's,Hybrid,37651,"Statistics, Excel, Power BI",8
JOB1891,2025-01-01,Financial Analyst,Finance,London,Telecoms,Senior,Degree,Hybrid,75674,"Power BI, Forecasting, Python, Financial Modelling",7
JOB1892,2025-07-01,Data Scientist,Data,London,E-commerce,Mid level,Master's,Hybrid,67239,"Power BI, Tableau, Excel",10
JOB1893,2026-11-01,Cyber Security Analyst,Technology,London,HealthTech,Mid level,No degree,Remote,50539,"Docker, APIs, Cyber Security, Linux",3
JOB1894,2025-09-01,Digital Marketing Analyst,Marketing,London,Public Sector,Senior,Degree,Remote,74818,"Power BI, Python, SQL, Excel, Google Analytics",5
JOB1895,2026-12-01,Software Engineer,Technology,East of England,Retail,Mid level,Degree,On-site,48874,"Cyber Security, AWS, Linux, SQL, APIs",4
JOB1896,2026-09-01,Financial Analyst,Finance,South East,Insurance,Senior,Degree,Remote,80640,"SQL, Excel, Forecasting, Power BI, Financial Modelling",5
JOB1897,2025-02-01,Data Scientist,Data,North West,FinTech,Entry level,Degree,On-site,48877,"Data Visualisation, Excel, Python",3
JOB1898,2026-03-01,Cloud Engineer,Technology,East of England,SaaS,Mid level,Master's,Remote,66723,"APIs, Python, Docker, Linux, Git",2
JOB1899,2026-10-01,Digital Marketing Analyst,Marketing,West Midlands,E-commerce,Entry level,No degree,Remote,36744,"Google Analytics, Python, SQL, Excel",4
JOB1900,2026-01-01,Data Analyst,Data,Scotland,Consulting,Entry level,Master's,Hybrid,28828,"Python, Pandas, Statistics",4
JOB1901,2026-12-01,Product Analyst,Data,Northern Ireland,Retail,Mid level,Degree,Hybrid,50101,"Tableau, Python, Statistics, SQL, Excel",4
JOB1902,2026-05-01,Digital Marketing Analyst,Marketing,London,Public Sector,Entry level,No degree,On-site,41637,"Excel, A/B Testing, Power BI",4
JOB1903,2025-03-01,Cyber Security Analyst,Technology,Wales,Insurance,Mid level,Degree,Remote,51818,"AWS, Docker, Python, SQL, Linux",8
JOB1904,2025-02-01,Software Engineer,Technology,North West,Public Sector,Entry level,Degree,Hybrid,48398,"Python, SQL, Linux, Docker, Cyber Security",6
JOB1905,2025-01-01,Project Manager,Business,London,HealthTech,Senior,No degree,Hybrid,73859,"SQL, Stakeholder Management, Jira, Agile, Power BI",5
JOB1906,2025-08-01,Product Analyst,Data,Yorkshire & Humber,E-commerce,Mid level,No degree,Hybrid,47068,"Statistics, Python, Tableau, SQL",6
JOB1907,2026-01-01,BI Analyst,Data,North East,FinTech,Mid level,Degree,Remote,53802,"Power BI, Data Visualisation, Excel, SQL",5
JOB1908,2026-02-01,Cyber Security Analyst,Technology,London,Retail,Entry level,Degree,Remote,53877,"SQL, Git, Cyber Security, AWS",8
JOB1909,2025-05-01,Cyber Security Analyst,Technology,Scotland,Consulting,Entry level,Degree,Remote,41744,"Cyber Security, APIs, Python",6
JOB1910,2026-05-01,Cloud Engineer,Technology,South East,Public Sector,Senior,Master's,Hybrid,80380,"Linux, Cyber Security, AWS, Python",5
JOB1911,2025-02-01,Digital Marketing Analyst,Marketing,West Midlands,Consulting,Entry level,Degree,Hybrid,40748,"Power BI, Excel, Google Analytics, SQL",6
JOB1912,2026-01-01,Financial Analyst,Finance,West Midlands,SaaS,Mid level,Degree,Hybrid,43242,"Financial Modelling, SQL, Excel",5
JOB1913,2025-03-01,Operations Analyst,Operations,London,Banking,Entry level,Degree,On-site,43385,"Forecasting, Power BI, Process Improvement, SQL, Excel",4
JOB1914,2025-06-01,Financial Analyst,Finance,West Midlands,Banking,Entry level,Degree,On-site,37416,"Excel, Forecasting, Financial Modelling",4
JOB1915,2025-09-01,Project Manager,Business,North West,FinTech,Entry level,Master's,On-site,40447,"Jira, Stakeholder Management, Excel",1
JOB1916,2025-10-01,Data Scientist,Data,London,Banking,Entry level,No degree,Hybrid,52417,"Python, Excel, Pandas, Data Visualisation",4
JOB1917,2026-06-01,Operations Analyst,Operations,South East,Retail,Entry level,Degree,Hybrid,33057,"Excel, Power BI, SQL",8
JOB1918,2026-02-01,Product Analyst,Data,West Midlands,SaaS,Mid level,Master's,Remote,44644,"SQL, Excel, Tableau, Data Visualisation",5
JOB1919,2026-05-01,Software Engineer,Technology,London,FinTech,Entry level,Degree,Remote,49473,"Python, SQL, Git, AWS, Docker",5
JOB1920,2025-08-01,Project Manager,Business,London,E-commerce,Mid level,Master's,Hybrid,54304,"Power BI, Requirements Analysis, Jira, Excel",3
JOB1921,2025-05-01,Operations Analyst,Operations,Scotland,Retail,Mid level,No degree,On-site,50558,"Python, Excel, Power BI",5
JOB1922,2025-09-01,Cloud Engineer,Technology,London,FinTech,Mid level,Degree,Hybrid,48987,"AWS, Python, Cyber Security, SQL, APIs",8
JOB1923,2026-06-01,Business Analyst,Business,London,Retail,Entry level,Degree,Remote,45499,"SQL, Jira, Excel, Power BI, Agile",3
JOB1924,2025-05-01,Software Engineer,Technology,North West,HealthTech,Mid level,Degree,On-site,60328,"Linux, AWS, SQL, Cyber Security, Docker",3
JOB1925,2025-03-01,Data Analyst,Data,East of England,Public Sector,Senior,Master's,On-site,57625,"Statistics, Excel, Tableau, Power BI, Pandas",1
JOB1926,2025-10-01,Data Scientist,Data,London,HealthTech,Entry level,No degree,Hybrid,49737,"Excel, Python, Pandas",6
JOB1927,2026-02-01,Digital Marketing Analyst,Marketing,North West,FinTech,Mid level,Degree,On-site,49943,"A/B Testing, SQL, Excel, Python",3
JOB1928,2026-03-01,Financial Analyst,Finance,Yorkshire & Humber,Public Sector,Mid level,Degree,Hybrid,52504,"Excel, SQL, Financial Modelling, Power BI, Python",11
JOB1929,2026-01-01,BI Analyst,Data,North West,Public Sector,Mid level,Degree,Hybrid,45991,"Statistics, Data Visualisation, Excel, Tableau, Python",6
JOB1930,2025-04-01,Cyber Security Analyst,Technology,North West,HealthTech,Entry level,Degree,Remote,33404,"Python, Cyber Security, Git, APIs, AWS",2
JOB1931,2025-11-01,Data Analyst,Data,London,Insurance,Mid level,Master's,Remote,58407,"Pandas, Power BI, Statistics, Python, Tableau",2
JOB1932,2026-11-01,Software Engineer,Technology,Northern Ireland,HealthTech,Mid level,Master's,On-site,47714,"Python, Git, APIs",2
JOB1933,2026-08-01,Software Engineer,Technology,London,Public Sector,Entry level,Degree,On-site,47789,"AWS, Linux, APIs",4
JOB1934,2026-05-01,Operations Analyst,Operations,North West,Retail,Mid level,No degree,Hybrid,45395,"Excel, Python, Power BI",5
JOB1935,2025-07-01,Cloud Engineer,Technology,East of England,E-commerce,Senior,Master's,Hybrid,82914,"SQL, Linux, Docker, Cyber Security, APIs",6
JOB1936,2025-08-01,Data Scientist,Data,East of England,SaaS,Mid level,Degree,On-site,62894,"SQL, Power BI, Statistics",4
JOB1937,2026-06-01,Business Analyst,Business,London,Telecoms,Mid level,Master's,Hybrid,61349,"Excel, SQL, Power BI, Stakeholder Management, Requirements Analysis",6
JOB1938,2025-05-01,Software Engineer,Technology,East of England,Retail,Senior,Master's,Hybrid,71219,"SQL, Python, Cyber Security, Linux, AWS",3
JOB1939,2025-02-01,Software Engineer,Technology,Wales,HealthTech,Mid level,Degree,Remote,52433,"Git, SQL, Python",2
JOB1940,2026-02-01,Business Analyst,Business,Yorkshire & Humber,Retail,Entry level,Degree,Remote,36171,"Excel, Agile, Stakeholder Management, Requirements Analysis, Jira",3
JOB1941,2026-06-01,Financial Analyst,Finance,Yorkshire & Humber,E-commerce,Entry level,Degree,On-site,38375,"Forecasting, Python, Financial Modelling, SQL",3
JOB1942,2025-09-01,Digital Marketing Analyst,Marketing,London,Insurance,Entry level,Degree,Remote,41780,"Google Analytics, SQL, A/B Testing, Python",5
JOB1943,2025-06-01,BI Analyst,Data,London,Consulting,Mid level,Degree,Remote,63848,"SQL, Statistics, Python",3
JOB1944,2026-04-01,Data Scientist,Data,Northern Ireland,Consulting,Mid level,Degree,Remote,52126,"Data Visualisation, Pandas, Power BI, Excel",3
JOB1945,2025-12-01,Data Scientist,Data,North West,E-commerce,Entry level,Degree,Hybrid,44693,"Tableau, Statistics, Excel, Power BI, Data Visualisation",6
JOB1946,2025-08-01,Operations Analyst,Operations,Yorkshire & Humber,FinTech,Entry level,Degree,Hybrid,32668,"Forecasting, Process Improvement, Python, Excel",5
JOB1947,2025-10-01,Cyber Security Analyst,Technology,London,Public Sector,Mid level,Degree,Hybrid,56891,"Python, Linux, AWS",5
JOB1948,2026-07-01,Data Scientist,Data,West Midlands,Banking,Entry level,Degree,Remote,41008,"Excel, SQL, Statistics",5
JOB1949,2025-04-01,Cyber Security Analyst,Technology,Yorkshire & Humber,Retail,Mid level,Master's,Remote,55254,"Cyber Security, Git, Linux, APIs",1
JOB1950,2026-10-01,BI Analyst,Data,London,Retail,Senior,No degree,On-site,87199,"SQL, Pandas, Power BI",7
JOB1951,2025-08-01,Product Analyst,Data,North West,SaaS,Mid level,Degree,Remote,47948,"Excel, Pandas, Power BI, Statistics",3
JOB1952,2025-03-01,Financial Analyst,Finance,Yorkshire & Humber,Consulting,Mid level,No degree,On-site,49084,"Financial Modelling, SQL, Power BI, Python, Forecasting",2
JOB1953,2025-05-01,Project Manager,Business,West Midlands,Insurance,Mid level,Master's,Hybrid,58021,"SQL, Agile, Requirements Analysis",7
JOB1954,2026-08-01,Operations Analyst,Operations,West Midlands,Retail,Entry level,Degree,Remote,27558,"Power BI, SQL, Process Improvement, Excel, Forecasting",6
JOB1955,2025-02-01,Operations Analyst,Operations,East of England,FinTech,Senior,Degree,Remote,70502,"Power BI, Python, Excel",6
JOB1956,2025-05-01,Data Analyst,Data,Yorkshire & Humber,Retail,Mid level,Degree,Hybrid,52533,"Pandas, SQL, Excel, Data Visualisation",9
JOB1957,2026-06-01,Business Analyst,Business,London,E-commerce,Entry level,Degree,Hybrid,42807,"Requirements Analysis, Jira, Excel, Power BI, SQL",6
JOB1958,2025-01-01,Digital Marketing Analyst,Marketing,East of England,Telecoms,Mid level,Degree,Hybrid,59998,"A/B Testing, Power BI, SQL, Google Analytics",4
JOB1959,2026-12-01,Digital Marketing Analyst,Marketing,West Midlands,HealthTech,Entry level,Degree,Remote,27642,"Python, SQL, Power BI, Google Analytics, Excel",6
JOB1960,2026-01-01,Business Analyst,Business,Yorkshire & Humber,FinTech,Senior,Degree,Hybrid,52982,"Stakeholder Management, Power BI, Agile",5
JOB1961,2026-12-01,Cyber Security Analyst,Technology,Yorkshire & Humber,Retail,Entry level,Degree,Hybrid,34579,"APIs, Cyber Security, Python, Linux",7
JOB1962,2026-04-01,Operations Analyst,Operations,Scotland,Banking,Entry level,Degree,Hybrid,45146,"SQL, Excel, Power BI, Python",4
JOB1963,2026-03-01,Cyber Security Analyst,Technology,Scotland,Public Sector,Mid level,No degree,Remote,50711,"Python, APIs, Cyber Security, SQL, Docker",2
JOB1964,2025-05-01,Software Engineer,Technology,North West,SaaS,Senior,Master's,Hybrid,73549,"AWS, Linux, Docker, APIs",4
JOB1965,2025-12-01,Operations Analyst,Operations,Yorkshire & Humber,FinTech,Entry level,Master's,Hybrid,36056,"Process Improvement, Python, Excel, Power BI",5
JOB1966,2025-10-01,Product Analyst,Data,London,Public Sector,Senior,Degree,Hybrid,74342,"Excel, Python, Statistics, Tableau",5
JOB1967,2025-08-01,Data Scientist,Data,South East,FinTech,Mid level,Degree,Hybrid,62962,"Data Visualisation, Tableau, Pandas",5
JOB1968,2025-02-01,Cloud Engineer,Technology,South East,Public Sector,Entry level,Degree,Hybrid,45511,"APIs, SQL, Cyber Security, AWS, Linux",5
JOB1969,2026-10-01,Operations Analyst,Operations,North West,Telecoms,Entry level,Degree,Hybrid,43186,"Process Improvement, Python, Power BI",6
JOB1970,2025-01-01,Digital Marketing Analyst,Marketing,East of England,Retail,Senior,Degree,Remote,71170,"Excel, Google Analytics, SQL, A/B Testing",2
JOB1971,2026-12-01,Data Analyst,Data,South East,HealthTech,Entry level,Degree,Hybrid,45816,"Data Visualisation, Python, Tableau, SQL, Power BI",6
JOB1972,2026-04-01,Business Analyst,Business,Scotland,Telecoms,Entry level,Master's,Remote,29850,"Excel, SQL, Power BI",3
JOB1973,2026-09-01,Data Analyst,Data,West Midlands,SaaS,Senior,Degree,Remote,63843,"Power BI, Statistics, Tableau, Python",6
JOB1974,2026-01-01,BI Analyst,Data,North West,HealthTech,Entry level,Degree,Hybrid,40298,"Power BI, Excel, Tableau, Statistics, Python",8
JOB1975,2026-07-01,Software Engineer,Technology,Wales,FinTech,Mid level,Master's,Hybrid,47598,"Cyber Security, Python, AWS, Git",3
JOB1976,2025-12-01,Cloud Engineer,Technology,East of England,Consulting,Entry level,Master's,Remote,42288,"AWS, SQL, APIs, Cyber Security",4
JOB1977,2025-11-01,Software Engineer,Technology,Wales,SaaS,Senior,No degree,Hybrid,72378,"SQL, Linux, Docker, Cyber Security",6
JOB1978,2026-07-01,Cloud Engineer,Technology,Wales,Consulting,Entry level,Master's,On-site,41958,"Linux, Python, Git, SQL, Cyber Security",5
JOB1979,2026-07-01,Data Analyst,Data,Wales,Banking,Senior,Degree,Hybrid,69184,"Excel, Pandas, Python, Power BI, Data Visualisation",5
JOB1980,2025-10-01,Cloud Engineer,Technology,Wales,Consulting,Entry level,Degree,Hybrid,34959,"AWS, Git, Cyber Security",5
JOB1981,2026-12-01,Business Analyst,Business,South East,E-commerce,Senior,Degree,Remote,76623,"SQL, Jira, Stakeholder Management",4
JOB1982,2025-01-01,Data Analyst,Data,London,Consulting,Mid level,Degree,Hybrid,49675,"Tableau, Pandas, Data Visualisation",6
JOB1983,2026-05-01,Project Manager,Business,London,Banking,Mid level,Degree,Remote,61211,"Power BI, Excel, Stakeholder Management, Jira",3
JOB1984,2026-02-01,Data Scientist,Data,Wales,SaaS,Senior,Degree,Remote,73100,"Data Visualisation, Power BI, Pandas, Tableau, Excel",5
JOB1985,2026-11-01,Financial Analyst,Finance,South East,HealthTech,Mid level,Degree,Hybrid,51025,"Python, Financial Modelling, Excel",9
JOB1986,2025-06-01,Data Scientist,Data,South East,Telecoms,Entry level,Master's,On-site,45609,"Pandas, Power BI, Python, Tableau",3
JOB1987,2025-12-01,Project Manager,Business,Scotland,Insurance,Mid level,No degree,Hybrid,50456,"Agile, Power BI, SQL, Jira, Requirements Analysis",4
JOB1988,2026-09-01,Financial Analyst,Finance,West Midlands,SaaS,Mid level,Degree,Hybrid,47811,"Financial Modelling, Excel, SQL",5
JOB1989,2026-02-01,Software Engineer,Technology,Wales,HealthTech,Senior,Degree,Hybrid,68800,"APIs, Docker, AWS, Git",6
JOB1990,2026-04-01,Operations Analyst,Operations,South East,Banking,Entry level,Degree,Remote,35244,"Forecasting, SQL, Excel, Python",5
JOB1991,2026-08-01,Product Analyst,Data,West Midlands,Insurance,Entry level,Degree,Hybrid,41772,"Pandas, Statistics, Excel, SQL, Tableau",6
JOB1992,2026-02-01,Software Engineer,Technology,West Midlands,E-commerce,Senior,Master's,Hybrid,70041,"Linux, Cyber Security, Git, Python, AWS",6
JOB1993,2026-05-01,Business Analyst,Business,South East,HealthTech,Entry level,Degree,Remote,34979,"Agile, SQL, Requirements Analysis",3
JOB1994,2025-02-01,Data Scientist,Data,South East,Banking,Senior,Degree,Hybrid,74369,"Pandas, SQL, Data Visualisation",6
JOB1995,2025-07-01,Software Engineer,Technology,Scotland,Retail,Mid level,Degree,Remote,45299,"APIs, Python, Git",4
JOB1996,2026-01-01,Data Analyst,Data,London,FinTech,Entry level,Degree,Hybrid,47701,"Power BI, Tableau, Data Visualisation",8
JOB1997,2026-04-01,Operations Analyst,Operations,London,E-commerce,Mid level,Master's,On-site,43574,"Forecasting, Power BI, Python, SQL",3
JOB1998,2026-01-01,Operations Analyst,Operations,Scotland,Public Sector,Mid level,Degree,Hybrid,44877,"Excel, Process Improvement, Forecasting",8
JOB1999,2026-12-01,Financial Analyst,Finance,East of England,FinTech,Entry level,Degree,Remote,34793,"Financial Modelling, Python, Forecasting, SQL",5
JOB2000,2026-07-01,Business Analyst,Business,London,Telecoms,Mid level,Degree,Hybrid,71093,"SQL, Requirements Analysis, Power BI, Jira",4
JOB2001,2025-05-01,Business Analyst,Business,West Midlands,Retail,Entry level,No degree,Remote,30461,"Jira, Agile, Stakeholder Management",3
JOB2002,2026-10-01,Software Engineer,Technology,South West,Consulting,Entry level,Degree,Hybrid,44258,"Docker, SQL, APIs, Python, Cyber Security",6
JOB2003,2025-09-01,Data Scientist,Data,South West,Consulting,Senior,Degree,On-site,69220,"Excel, Power BI, Tableau, Statistics",5
JOB2004,2025-02-01,Cloud Engineer,Technology,North East,Banking,Entry level,Degree,Remote,45696,"APIs, Cyber Security, Git, AWS",4
JOB2005,2026-08-01,Software Engineer,Technology,East of England,E-commerce,Entry level,Degree,Hybrid,50133,"Linux, SQL, Docker",6
JOB2006,2026-11-01,Data Analyst,Data,East of England,Retail,Entry level,Degree,Hybrid,37868,"Excel, Python, Pandas",4
JOB2007,2025-09-01,Data Analyst,Data,Yorkshire & Humber,E-commerce,Entry level,Master's,Remote,35355,"Power BI, Python, Excel, Tableau",2
JOB2008,2025-06-01,Financial Analyst,Finance,West Midlands,Consulting,Entry level,Master's,Hybrid,30790,"SQL, Excel, Financial Modelling, Python, Power BI",5
JOB2009,2025-07-01,Data Analyst,Data,Yorkshire & Humber,Banking,Mid level,Degree,Hybrid,41170,"Excel, Python, Power BI, Data Visualisation",7
JOB2010,2025-01-01,Business Analyst,Business,London,FinTech,Entry level,No degree,On-site,55883,"Requirements Analysis, Jira, Power BI, Agile",3
JOB2011,2026-12-01,Software Engineer,Technology,London,Retail,Entry level,Master's,Remote,40644,"APIs, Linux, Git",3
JOB2012,2026-09-01,BI Analyst,Data,London,Retail,Mid level,Master's,Remote,60140,"SQL, Data Visualisation, Tableau, Power BI",5
JOB2013,2026-09-01,Financial Analyst,Finance,London,Retail,Entry level,Degree,On-site,55945,"Excel, Financial Modelling, Power BI, Python, SQL",5
JOB2014,2026-03-01,Software Engineer,Technology,Yorkshire & Humber,Banking,Mid level,Degree,Remote,34594,"APIs, AWS, Python, Git",5
JOB2015,2026-07-01,Cloud Engineer,Technology,Scotland,HealthTech,Entry level,Master's,On-site,46929,"Cyber Security, Docker, APIs, AWS, Python",3
JOB2016,2026-02-01,Digital Marketing Analyst,Marketing,London,Consulting,Entry level,Master's,Hybrid,31000,"Google Analytics, A/B Testing, Power BI",4
JOB2017,2025-04-01,Business Analyst,Business,North East,Public Sector,Entry level,Master's,Hybrid,39681,"SQL, Stakeholder Management, Power BI, Excel",6
JOB2018,2026-08-01,Cyber Security Analyst,Technology,North West,HealthTech,Senior,No degree,On-site,69616,"Linux, Cyber Security, SQL, APIs",5
JOB2019,2026-10-01,Data Analyst,Data,North West,SaaS,Mid level,Degree,On-site,43390,"SQL, Excel, Pandas",2
JOB2020,2026-03-01,Software Engineer,Technology,London,Retail,Mid level,Degree,On-site,61641,"AWS, Linux, Python, SQL",4
JOB2021,2025-02-01,BI Analyst,Data,West Midlands,Retail,Entry level,Degree,Remote,36945,"Excel, Tableau, Statistics",6
JOB2022,2026-02-01,Business Analyst,Business,South West,E-commerce,Senior,Master's,Hybrid,72153,"Power BI, Excel, Jira, Stakeholder Management",5
JOB2023,2026-08-01,Data Scientist,Data,London,HealthTech,Entry level,Degree,Hybrid,49180,"Pandas, Excel, SQL, Python",4
JOB2024,2025-07-01,Data Analyst,Data,North West,E-commerce,Senior,Degree,Hybrid,70155,"Tableau, Excel, Pandas",6
JOB2025,2025-08-01,Financial Analyst,Finance,Yorkshire & Humber,Banking,Entry level,Degree,Hybrid,31147,"Python, Power BI, SQL",8
JOB2026,2025-08-01,BI Analyst,Data,London,Consulting,Mid level,Master's,Hybrid,56175,"Statistics, Power BI, Tableau, SQL, Pandas",7
JOB2027,2026-02-01,Project Manager,Business,East of England,SaaS,Senior,Degree,Remote,60921,"Stakeholder Management, Power BI, Excel, Jira, Agile",3
JOB2028,2026-01-01,Financial Analyst,Finance,London,Consulting,Mid level,Degree,On-site,51066,"SQL, Python, Power BI",5
JOB2029,2026-11-01,Data Scientist,Data,West Midlands,E-commerce,Mid level,No degree,Hybrid,64491,"Statistics, Data Visualisation, Python, Power BI",6
JOB2030,2026-09-01,Project Manager,Business,London,Retail,Entry level,Degree,Remote,44150,"Requirements Analysis, Excel, SQL, Jira",5
JOB2031,2026-12-01,Cyber Security Analyst,Technology,London,Retail,Entry level,Degree,Hybrid,49990,"Linux, Docker, AWS, Git",6
JOB2032,2025-06-01,Software Engineer,Technology,West Midlands,HealthTech,Senior,Degree,Remote,76346,"Git, Linux, APIs, Cyber Security, AWS",5
JOB2033,2025-05-01,BI Analyst,Data,South East,Public Sector,Entry level,Master's,Hybrid,36724,"Statistics, Excel, SQL",4
JOB2034,2026-10-01,Financial Analyst,Finance,Yorkshire & Humber,SaaS,Entry level,Degree,Hybrid,26203,"Excel, Python, Financial Modelling, SQL",8
JOB2035,2026-11-01,Operations Analyst,Operations,London,Retail,Senior,Degree,Hybrid,60059,"SQL, Excel, Process Improvement, Forecasting",6
JOB2036,2025-10-01,Software Engineer,Technology,Yorkshire & Humber,Telecoms,Senior,Degree,Hybrid,65346,"Linux, APIs, Cyber Security, Python, SQL",8
JOB2037,2025-11-01,Operations Analyst,Operations,London,Insurance,Entry level,Master's,Remote,44046,"Power BI, Process Improvement, Python",5
JOB2038,2025-10-01,Software Engineer,Technology,East of England,Public Sector,Senior,No degree,Hybrid,68582,"Git, AWS, Python, SQL, Docker",6
JOB2039,2025-04-01,Digital Marketing Analyst,Marketing,East of England,SaaS,Entry level,Degree,Remote,38570,"Power BI, Excel, A/B Testing, Python",5
JOB2040,2025-06-01,Product Analyst,Data,East of England,Retail,Entry level,Degree,Hybrid,35093,"Data Visualisation, Tableau, Python",7
JOB2041,2026-11-01,Cloud Engineer,Technology,London,Telecoms,Mid level,Degree,Hybrid,72358,"Python, AWS, Docker, Git, APIs",5
JOB2042,2026-07-01,Data Analyst,Data,West Midlands,Retail,Entry level,Degree,On-site,37073,"Statistics, Excel, SQL",6
JOB2043,2026-08-01,Business Analyst,Business,London,Retail,Mid level,Degree,Remote,59520,"Requirements Analysis, Jira, Stakeholder Management, SQL, Excel",4
JOB2044,2025-07-01,Data Analyst,Data,Yorkshire & Humber,E-commerce,Entry level,No degree,Hybrid,33067,"Statistics, Tableau, Excel, Power BI, SQL",6
JOB2045,2026-03-01,Software Engineer,Technology,London,Retail,Entry level,Degree,On-site,47993,"Python, Docker, Cyber Security, Git",4
JOB2046,2025-04-01,Business Analyst,Business,North West,Consulting,Entry level,Degree,On-site,40410,"Requirements Analysis, Agile, Power BI",2
JOB2047,2026-05-01,Operations Analyst,Operations,North West,Public Sector,Entry level,Master's,Hybrid,29024,"Forecasting, Excel, Process Improvement",6
JOB2048,2025-03-01,Business Analyst,Business,North West,E-commerce,Entry level,Degree,Remote,35139,"Requirements Analysis, Power BI, SQL, Agile",4
JOB2049,2026-02-01,Cyber Security Analyst,Technology,North East,Banking,Entry level,Degree,Hybrid,36757,"APIs, Git, Cyber Security",4
JOB2050,2026-06-01,Software Engineer,Technology,Yorkshire & Humber,E-commerce,Entry level,Degree,Hybrid,32760,"Python, SQL, APIs, Linux, AWS",4
JOB2051,2026-05-01,Operations Analyst,Operations,East of England,FinTech,Senior,Degree,Hybrid,66787,"Forecasting, SQL, Process Improvement, Power BI, Python",7
JOB2052,2026-10-01,Financial Analyst,Finance,Wales,Telecoms,Entry level,Degree,Hybrid,35149,"Financial Modelling, SQL, Power BI",7
JOB2053,2026-07-01,Cyber Security Analyst,Technology,East of England,Retail,Entry level,Master's,Hybrid,45225,"Cyber Security, Git, SQL",3
JOB2054,2025-09-01,Cyber Security Analyst,Technology,South East,HealthTech,Entry level,Master's,Remote,48155,"AWS, SQL, Cyber Security, Python",4
JOB2055,2025-10-01,Business Analyst,Business,Wales,Consulting,Entry level,No degree,Hybrid,31059,"Agile, Stakeholder Management, Power BI, SQL, Excel",5
JOB2056,2025-10-01,Financial Analyst,Finance,Yorkshire & Humber,Banking,Senior,Degree,Hybrid,68741,"Power BI, Excel, Financial Modelling, Forecasting, Python",7
JOB2057,2025-12-01,Data Analyst,Data,Wales,FinTech,Entry level,Master's,Hybrid,41892,"Data Visualisation, Statistics, Pandas",4
JOB2058,2026-05-01,Operations Analyst,Operations,East of England,Banking,Senior,Master's,Hybrid,64716,"Python, Excel, Forecasting",4
JOB2059,2025-10-01,Software Engineer,Technology,North West,HealthTech,Mid level,Degree,Hybrid,50834,"Cyber Security, Linux, Docker, Git",4
JOB2060,2025-08-01,Data Analyst,Data,Scotland,Insurance,Entry level,Master's,Hybrid,37758,"Tableau, SQL, Pandas",6
JOB2061,2025-11-01,Cloud Engineer,Technology,South East,Retail,Mid level,Degree,Hybrid,59849,"Git, Linux, APIs, AWS",7
JOB2062,2026-02-01,Software Engineer,Technology,North West,Retail,Senior,Degree,Hybrid,74892,"Cyber Security, Linux, Python, SQL",4
JOB2063,2026-09-01,Data Analyst,Data,London,SaaS,Entry level,Degree,Hybrid,42408,"Excel, Tableau, Power BI",4
JOB2064,2026-07-01,Software Engineer,Technology,East of England,Insurance,Entry level,Degree,Hybrid,49151,"APIs, AWS, Git, Python",8
JOB2065,2025-04-01,Financial Analyst,Finance,London,Consulting,Mid level,Degree,Hybrid,56961,"Python, Power BI, Excel",8
JOB2066,2025-09-01,Cyber Security Analyst,Technology,London,Public Sector,Entry level,Degree,On-site,47757,"APIs, Git, Cyber Security, AWS",5
JOB2067,2025-11-01,Financial Analyst,Finance,Wales,FinTech,Entry level,Master's,On-site,36492,"SQL, Python, Excel, Power BI",2
JOB2068,2025-06-01,Software Engineer,Technology,Yorkshire & Humber,Banking,Mid level,Degree,Remote,47534,"Python, APIs, Docker, Linux",4
JOB2069,2026-02-01,Business Analyst,Business,West Midlands,Insurance,Entry level,Master's,Hybrid,44253,"Stakeholder Management, SQL, Power BI, Agile, Excel",8
JOB2070,2026-03-01,Project Manager,Business,Scotland,SaaS,Mid level,Degree,Remote,52712,"Power BI, Excel, Agile, SQL, Requirements Analysis",2
JOB2071,2025-04-01,Cyber Security Analyst,Technology,South West,Banking,Entry level,Degree,Hybrid,39333,"Git, Python, Linux, SQL",6
JOB2072,2025-04-01,Software Engineer,Technology,North East,Insurance,Mid level,Degree,Hybrid,59656,"Git, AWS, Python",6
JOB2073,2026-07-01,Data Analyst,Data,North East,Consulting,Senior,Degree,On-site,70488,"Tableau, Python, Statistics",2
JOB2074,2025-03-01,Business Analyst,Business,East of England,Insurance,Mid level,Degree,Remote,55252,"Stakeholder Management, Jira, SQL, Agile, Requirements Analysis",3
JOB2075,2025-02-01,Project Manager,Business,South East,Public Sector,Mid level,Degree,Hybrid,53855,"Excel, Power BI, Requirements Analysis",4
JOB2076,2026-07-01,BI Analyst,Data,North East,HealthTech,Senior,Degree,Hybrid,67349,"SQL, Data Visualisation, Statistics",7
JOB2077,2026-04-01,Product Analyst,Data,North West,Insurance,Senior,Master's,Hybrid,70544,"Power BI, Python, SQL, Data Visualisation",3
JOB2078,2026-08-01,Digital Marketing Analyst,Marketing,Wales,Insurance,Mid level,Degree,On-site,42143,"Google Analytics, A/B Testing, Python, SQL, Excel",4
JOB2079,2026-01-01,BI Analyst,Data,East of England,Insurance,Mid level,Degree,Hybrid,52628,"SQL, Statistics, Power BI, Python",6
JOB2080,2026-11-01,Product Analyst,Data,East of England,FinTech,Entry level,Degree,Hybrid,32150,"Statistics, Pandas, Tableau, Python, Excel",10
JOB2081,2025-03-01,Data Analyst,Data,London,Retail,Entry level,No degree,Remote,41419,"Python, SQL, Excel, Pandas, Power BI",2
JOB2082,2026-05-01,Cloud Engineer,Technology,West Midlands,Retail,Entry level,Master's,Hybrid,35119,"SQL, Docker, Python, Git",5
JOB2083,2026-11-01,Financial Analyst,Finance,Yorkshire & Humber,Public Sector,Senior,No degree,Hybrid,72085,"Excel, Power BI, SQL, Financial Modelling",5
JOB2084,2026-05-01,Operations Analyst,Operations,South East,Consulting,Mid level,Degree,Hybrid,52775,"Power BI, SQL, Excel, Process Improvement, Forecasting",6
JOB2085,2026-03-01,Operations Analyst,Operations,London,Public Sector,Senior,Degree,On-site,84836,"Power BI, SQL, Process Improvement, Python",3
JOB2086,2026-11-01,Data Analyst,Data,London,Insurance,Entry level,Master's,Hybrid,35693,"Statistics, Python, Excel, SQL",3
JOB2087,2025-07-01,Project Manager,Business,South East,Consulting,Mid level,Degree,Hybrid,53462,"Jira, SQL, Agile, Requirements Analysis",6
JOB2088,2025-08-01,Data Analyst,Data,Scotland,Telecoms,Senior,Degree,Hybrid,62115,"Tableau, Power BI, SQL, Statistics, Python",4
JOB2089,2026-04-01,Digital Marketing Analyst,Marketing,South East,Public Sector,Entry level,Degree,Hybrid,36694,"Google Analytics, SQL, Excel, Python",8
JOB2090,2025-05-01,Cyber Security Analyst,Technology,East of England,FinTech,Entry level,No degree,Hybrid,44910,"Git, SQL, Cyber Security, AWS, APIs",3
JOB2091,2025-09-01,Product Analyst,Data,London,FinTech,Entry level,No degree,Remote,40951,"SQL, Tableau, Pandas",2
JOB2092,2025-09-01,Operations Analyst,Operations,London,Retail,Mid level,Degree,Remote,48285,"Python, Forecasting, Process Improvement",6
JOB2093,2026-07-01,Business Analyst,Business,South East,Consulting,Mid level,Degree,Remote,56712,"Excel, Jira, Requirements Analysis, Stakeholder Management",4
JOB2094,2025-12-01,Data Scientist,Data,North West,Public Sector,Mid level,Degree,Hybrid,48209,"Tableau, Excel, Statistics",6
JOB2095,2026-05-01,Digital Marketing Analyst,Marketing,West Midlands,FinTech,Mid level,No degree,Remote,43609,"A/B Testing, Python, Google Analytics, Power BI, Excel",2
JOB2096,2026-07-01,Product Analyst,Data,East of England,HealthTech,Mid level,Degree,Hybrid,64716,"Python, Power BI, Statistics",7
JOB2097,2025-05-01,Software Engineer,Technology,Wales,Public Sector,Mid level,Degree,Hybrid,60391,"Linux, Docker, Cyber Security",9
JOB2098,2026-03-01,Business Analyst,Business,London,E-commerce,Mid level,No degree,On-site,61391,"Agile, Power BI, Requirements Analysis, SQL, Jira",2
JOB2099,2026-11-01,Product Analyst,Data,North West,FinTech,Mid level,Master's,Hybrid,44904,"Pandas, Python, Power BI, SQL, Data Visualisation",7
JOB2100,2026-08-01,Cyber Security Analyst,Technology,South West,Retail,Entry level,Degree,On-site,39725,"Cyber Security, APIs, Linux, AWS",3
JOB2101,2025-10-01,Business Analyst,Business,South East,Retail,Mid level,Master's,Hybrid,56427,"Jira, SQL, Stakeholder Management, Agile, Power BI",6
JOB2102,2025-12-01,Cloud Engineer,Technology,Northern Ireland,Telecoms,Mid level,Degree,Hybrid,54495,"Docker, AWS, Python, Linux",5
JOB2103,2026-01-01,Cloud Engineer,Technology,East of England,E-commerce,Mid level,Degree,Hybrid,59025,"Git, SQL, Cyber Security",9
JOB2104,2025-08-01,Data Analyst,Data,North West,E-commerce,Entry level,Master's,On-site,44698,"Statistics, Pandas, Python, Data Visualisation, Excel",4
JOB2105,2025-07-01,Product Analyst,Data,East of England,FinTech,Entry level,Master's,Hybrid,45032,"Power BI, Excel, Python",5
JOB2106,2025-09-01,Business Analyst,Business,South West,Banking,Mid level,Master's,On-site,46500,"Excel, Stakeholder Management, SQL",4
JOB2107,2025-04-01,Cyber Security Analyst,Technology,London,Retail,Senior,Degree,Remote,86986,"AWS, Docker, SQL",8
JOB2108,2025-06-01,BI Analyst,Data,Wales,Banking,Entry level,Degree,Remote,38927,"Pandas, Excel, Data Visualisation, Tableau, SQL",5
JOB2109,2025-09-01,Operations Analyst,Operations,West Midlands,Telecoms,Senior,Master's,Remote,71267,"Forecasting, Excel, Python, Power BI",3
JOB2110,2025-02-01,BI Analyst,Data,London,Insurance,Mid level,No degree,On-site,64988,"Tableau, Data Visualisation, SQL, Excel, Statistics",4
JOB2111,2026-06-01,Product Analyst,Data,Wales,Public Sector,Senior,Degree,Remote,67021,"Python, Tableau, Statistics, SQL",3
JOB2112,2026-06-01,Project Manager,Business,London,Insurance,Entry level,Degree,Hybrid,53009,"Agile, Jira, Stakeholder Management, SQL",5
JOB2113,2026-10-01,Data Analyst,Data,Scotland,Public Sector,Mid level,Degree,Hybrid,56272,"SQL, Statistics, Python, Tableau, Excel",6
JOB2114,2025-11-01,Software Engineer,Technology,West Midlands,Public Sector,Entry level,Degree,Hybrid,41277,"Cyber Security, SQL, Docker, Git",5
JOB2115,2025-07-01,Project Manager,Business,West Midlands,FinTech,Senior,No degree,Hybrid,68230,"Requirements Analysis, Excel, Jira, Agile, Power BI",4
JOB2116,2025-11-01,Data Scientist,Data,Yorkshire & Humber,E-commerce,Mid level,No degree,Remote,49801,"Excel, SQL, Tableau, Pandas, Data Visualisation",4
JOB2117,2025-09-01,BI Analyst,Data,London,E-commerce,Entry level,Degree,Hybrid,47611,"Pandas, Tableau, Python, Data Visualisation",4
JOB2118,2025-09-01,Data Scientist,Data,London,Insurance,Entry level,Degree,Hybrid,55566,"Power BI, Data Visualisation, SQL",6
JOB2119,2026-05-01,Financial Analyst,Finance,West Midlands,Banking,Senior,Degree,Hybrid,68242,"SQL, Forecasting, Financial Modelling, Power BI, Excel",4
JOB2120,2025-08-01,Software Engineer,Technology,South East,Consulting,Mid level,Master's,On-site,55837,"Linux, AWS, Docker",3
JOB2121,2025-06-01,Financial Analyst,Finance,South East,Public Sector,Entry level,No degree,Hybrid,38425,"Power BI, Forecasting, SQL",7
JOB2122,2026-12-01,Operations Analyst,Operations,London,SaaS,Senior,No degree,On-site,76196,"Process Improvement, Python, Power BI",2
JOB2123,2025-04-01,Cloud Engineer,Technology,Northern Ireland,E-commerce,Entry level,Degree,Remote,40782,"Linux, AWS, Cyber Security",2
JOB2124,2026-11-01,Software Engineer,Technology,Scotland,Banking,Entry level,Degree,Remote,49365,"Cyber Security, Git, Linux",2
JOB2125,2025-09-01,Financial Analyst,Finance,South East,Retail,Senior,Degree,Remote,69477,"Forecasting, Python, Power BI, SQL, Financial Modelling",6
JOB2126,2025-06-01,Cyber Security Analyst,Technology,East of England,HealthTech,Mid level,Degree,Hybrid,58443,"Docker, AWS, Linux, APIs",6
JOB2127,2025-06-01,Data Scientist,Data,Northern Ireland,Insurance,Mid level,Degree,Remote,53501,"Excel, Python, SQL, Statistics, Power BI",4
JOB2128,2025-06-01,Software Engineer,Technology,Wales,SaaS,Mid level,Master's,Hybrid,46813,"Docker, Git, SQL, APIs, Cyber Security",4
JOB2129,2025-09-01,Data Analyst,Data,North West,Retail,Senior,No degree,Hybrid,69940,"Excel, Python, SQL, Pandas, Tableau",5
JOB2130,2026-05-01,Cloud Engineer,Technology,Wales,Insurance,Mid level,Master's,Hybrid,46091,"Git, SQL, Linux",5
JOB2131,2026-10-01,Digital Marketing Analyst,Marketing,Northern Ireland,Public Sector,Mid level,Master's,Hybrid,45998,"Python, Google Analytics, Power BI",4
JOB2132,2026-01-01,Financial Analyst,Finance,London,Telecoms,Entry level,Degree,Hybrid,34491,"Python, SQL, Financial Modelling, Excel, Forecasting",7
JOB2133,2025-05-01,Cyber Security Analyst,Technology,Yorkshire & Humber,Retail,Mid level,Master's,Remote,52972,"Git, Linux, Cyber Security, APIs, SQL",1
JOB2134,2025-05-01,Financial Analyst,Finance,London,FinTech,Mid level,Degree,Hybrid,54972,"Forecasting, SQL, Power BI, Python, Financial Modelling",9
JOB2135,2025-08-01,Project Manager,Business,West Midlands,Insurance,Senior,Degree,Hybrid,75194,"Requirements Analysis, Excel, Stakeholder Management, Jira, Agile",5
JOB2136,2025-06-01,Business Analyst,Business,South West,FinTech,Entry level,Master's,Remote,37053,"Requirements Analysis, Jira, SQL, Excel, Agile",5
JOB2137,2025-08-01,Data Analyst,Data,South West,Public Sector,Entry level,Degree,Hybrid,37375,"Excel, Tableau, Statistics",5
JOB2138,2026-11-01,BI Analyst,Data,West Midlands,HealthTech,Entry level,Master's,Hybrid,35712,"Data Visualisation, Statistics, Python",4
JOB2139,2025-09-01,Product Analyst,Data,London,E-commerce,Entry level,Degree,On-site,54915,"Statistics, Python, Power BI, Excel, Tableau",5
JOB2140,2026-03-01,Software Engineer,Technology,East of England,E-commerce,Senior,Degree,Hybrid,78476,"SQL, Linux, Docker, AWS",6
JOB2141,2026-02-01,BI Analyst,Data,North West,Consulting,Entry level,Degree,Hybrid,40438,"SQL, Data Visualisation, Tableau, Power BI",8
JOB2142,2026-11-01,Operations Analyst,Operations,Yorkshire & Humber,Public Sector,Mid level,Degree,Hybrid,43129,"SQL, Power BI, Forecasting, Excel, Python",4
JOB2143,2026-01-01,Data Scientist,Data,London,Public Sector,Senior,Degree,On-site,70107,"Tableau, Statistics, Data Visualisation",6
JOB2144,2026-04-01,Business Analyst,Business,South East,Insurance,Mid level,No degree,Remote,49698,"SQL, Excel, Agile",2
JOB2145,2026-03-01,Data Analyst,Data,London,Consulting,Entry level,Degree,Hybrid,40309,"Tableau, Python, Pandas, Power BI, SQL",7
JOB2146,2025-02-01,Business Analyst,Business,North West,Banking,Entry level,Degree,Remote,36012,"Agile, Excel, SQL, Power BI, Requirements Analysis",2
JOB2147,2026-06-01,Financial Analyst,Finance,North West,Banking,Mid level,Master's,On-site,43142,"SQL, Power BI, Financial Modelling, Excel, Python",2
JOB2148,2025-06-01,Product Analyst,Data,West Midlands,Telecoms,Entry level,Degree,Hybrid,43888,"SQL, Pandas, Statistics",7
JOB2149,2025-01-01,Digital Marketing Analyst,Marketing,East of England,Public Sector,Mid level,Degree,Hybrid,52305,"Python, Power BI, Google Analytics",6
JOB2150,2025-03-01,Cyber Security Analyst,Technology,South West,Retail,Mid level,No degree,Remote,53486,"Docker, APIs, AWS, Git, Python",1
JOB2151,2025-06-01,Project Manager,Business,London,Consulting,Mid level,Degree,Hybrid,61579,"Stakeholder Management, Power BI, Excel, Agile",5
JOB2152,2026-04-01,Data Analyst,Data,Yorkshire & Humber,Consulting,Mid level,Degree,On-site,36308,"Excel, Python, Pandas, Tableau, Power BI",3
JOB2153,2026-08-01,Software Engineer,Technology,North West,E-commerce,Senior,Degree,Hybrid,80627,"Docker, Linux, AWS",4
JOB2154,2025-03-01,Digital Marketing Analyst,Marketing,Scotland,Consulting,Entry level,No degree,Remote,42424,"Excel, Google Analytics, A/B Testing, Python, Power BI",4
JOB2155,2025-04-01,Financial Analyst,Finance,Yorkshire & Humber,Consulting,Mid level,Degree,Remote,47204,"Excel, Financial Modelling, Forecasting, Power BI",6
JOB2156,2026-10-01,Financial Analyst,Finance,North West,Telecoms,Mid level,Degree,Hybrid,49688,"Power BI, SQL, Financial Modelling, Excel",4
JOB2157,2026-05-01,Operations Analyst,Operations,Northern Ireland,Consulting,Mid level,Degree,Hybrid,42631,"SQL, Process Improvement, Forecasting",6
JOB2158,2026-08-01,BI Analyst,Data,South West,SaaS,Mid level,Degree,Remote,48035,"Data Visualisation, Pandas, Tableau",6
JOB2159,2026-06-01,BI Analyst,Data,London,Retail,Entry level,Master's,Remote,36753,"Excel, Python, Statistics, SQL",3
JOB2160,2025-02-01,Cyber Security Analyst,Technology,East of England,SaaS,Mid level,Degree,On-site,55952,"SQL, Cyber Security, Git",3
JOB2161,2026-02-01,Data Scientist,Data,West Midlands,Consulting,Mid level,Degree,On-site,55925,"Python, SQL, Tableau",6
JOB2162,2025-12-01,Data Analyst,Data,South West,FinTech,Mid level,Degree,Hybrid,48301,"Pandas, Python, Power BI",6
JOB2163,2025-10-01,Operations Analyst,Operations,Yorkshire & Humber,SaaS,Mid level,Master's,Hybrid,45374,"Process Improvement, SQL, Python",5
JOB2164,2025-03-01,Data Analyst,Data,East of England,HealthTech,Mid level,Degree,On-site,55084,"Excel, Pandas, Tableau, Power BI, Data Visualisation",4
JOB2165,2026-12-01,Project Manager,Business,Northern Ireland,Retail,Entry level,Degree,Hybrid,38434,"Jira, Stakeholder Management, SQL, Power BI",4
JOB2166,2026-08-01,Business Analyst,Business,Scotland,Public Sector,Entry level,Degree,Hybrid,36375,"Excel, SQL, Agile, Requirements Analysis, Stakeholder Management",5
JOB2167,2026-10-01,Software Engineer,Technology,Wales,E-commerce,Entry level,Degree,Remote,44255,"Linux, Python, Cyber Security, SQL, Git",7
JOB2168,2025-03-01,Business Analyst,Business,North West,SaaS,Entry level,No degree,Hybrid,42406,"Excel, Stakeholder Management, SQL",5
JOB2169,2025-06-01,Financial Analyst,Finance,Yorkshire & Humber,E-commerce,Entry level,Degree,Remote,36427,"SQL, Power BI, Forecasting, Financial Modelling, Excel",4
JOB2170,2026-10-01,Data Analyst,Data,London,SaaS,Mid level,Master's,Remote,52478,"SQL, Power BI, Excel",4
JOB2171,2025-11-01,Product Analyst,Data,East of England,Banking,Entry level,Degree,On-site,30907,"SQL, Python, Pandas",2
JOB2172,2026-08-01,Project Manager,Business,South West,Banking,Senior,Degree,On-site,56940,"Jira, SQL, Requirements Analysis, Agile",5
JOB2173,2025-11-01,Business Analyst,Business,London,Retail,Mid level,Master's,Hybrid,46127,"SQL, Stakeholder Management, Jira, Agile",3
JOB2174,2026-06-01,Business Analyst,Business,South West,Retail,Mid level,Degree,Remote,52411,"Excel, Requirements Analysis, Jira, Power BI",3
JOB2175,2026-07-01,Financial Analyst,Finance,South East,Telecoms,Entry level,Degree,On-site,39101,"SQL, Financial Modelling, Power BI, Python",4
JOB2176,2026-01-01,Project Manager,Business,North West,E-commerce,Entry level,Degree,Hybrid,37180,"Excel, Agile, Power BI, Requirements Analysis, SQL",7
JOB2177,2026-08-01,Digital Marketing Analyst,Marketing,North West,Telecoms,Mid level,Master's,Remote,44468,"Power BI, Python, A/B Testing",2
JOB2178,2025-03-01,Financial Analyst,Finance,Wales,FinTech,Senior,Degree,On-site,58363,"Power BI, SQL, Python, Forecasting, Excel",6
JOB2179,2026-05-01,BI Analyst,Data,East of England,Insurance,Mid level,Degree,Remote,41354,"SQL, Power BI, Excel, Statistics, Data Visualisation",3
JOB2180,2026-01-01,Cyber Security Analyst,Technology,London,Telecoms,Entry level,Degree,Remote,50479,"Linux, Git, Docker, AWS",6
JOB2181,2026-07-01,Software Engineer,Technology,South East,Retail,Mid level,Degree,Hybrid,49206,"AWS, APIs, Linux",6
JOB2182,2025-06-01,BI Analyst,Data,South East,Banking,Entry level,No degree,On-site,33960,"Pandas, Python, Power BI, Tableau",2
JOB2183,2025-10-01,Operations Analyst,Operations,London,Banking,Mid level,Master's,Hybrid,37888,"Python, Forecasting, Excel, Process Improvement, SQL",6
JOB2184,2026-05-01,Business Analyst,Business,South West,Telecoms,Entry level,No degree,Hybrid,46959,"Stakeholder Management, Jira, Power BI",4
JOB2185,2026-08-01,Product Analyst,Data,East of England,FinTech,Mid level,Master's,On-site,49063,"Python, Pandas, Excel, Power BI",4
JOB2186,2026-05-01,Operations Analyst,Operations,Scotland,SaaS,Entry level,No degree,On-site,28880,"Power BI, SQL, Excel, Process Improvement",5
JOB2187,2026-04-01,Cyber Security Analyst,Technology,London,FinTech,Mid level,Degree,On-site,62683,"Docker, Linux, Python, SQL",4
JOB2188,2026-08-01,Project Manager,Business,London,SaaS,Entry level,Master's,Remote,45239,"Power BI, SQL, Excel, Agile, Stakeholder Management",2
JOB2189,2025-12-01,Data Analyst,Data,Yorkshire & Humber,Insurance,Entry level,No degree,Hybrid,35179,"Data Visualisation, Python, Tableau, SQL, Power BI",5
JOB2190,2026-03-01,Product Analyst,Data,London,HealthTech,Entry level,Degree,On-site,43638,"Excel, Tableau, Python, Statistics",4
JOB2191,2025-08-01,Data Analyst,Data,Yorkshire & Humber,Banking,Mid level,Degree,Remote,52145,"Pandas, Excel, Data Visualisation, Statistics",3
JOB2192,2025-02-01,Software Engineer,Technology,East of England,Public Sector,Mid level,Degree,Hybrid,56129,"Linux, Cyber Security, Docker",4
JOB2193,2026-05-01,Software Engineer,Technology,London,Telecoms,Entry level,Master's,Hybrid,56493,"AWS, Python, Docker",4
JOB2194,2025-01-01,Cyber Security Analyst,Technology,West Midlands,Retail,Mid level,Degree,Hybrid,57329,"Docker, Linux, Cyber Security",6
JOB2195,2025-02-01,Product Analyst,Data,London,E-commerce,Senior,No degree,Hybrid,87269,"Pandas, Python, SQL",5
JOB2196,2026-05-01,Cloud Engineer,Technology,North West,Insurance,Entry level,Degree,Hybrid,47286,"AWS, Git, Python, APIs",9
JOB2197,2026-11-01,Data Scientist,Data,West Midlands,E-commerce,Senior,No degree,Hybrid,79902,"Data Visualisation, Power BI, Tableau, Python, Statistics",8
JOB2198,2025-05-01,Product Analyst,Data,East of England,Telecoms,Senior,Master's,Remote,61900,"Pandas, Statistics, Data Visualisation",3
JOB2199,2026-09-01,Project Manager,Business,South East,E-commerce,Senior,Degree,On-site,73174,"Stakeholder Management, Power BI, Jira, Agile",3
JOB2200,2025-03-01,Digital Marketing Analyst,Marketing,Northern Ireland,Consulting,Mid level,Degree,Remote,38799,"Excel, Python, SQL",5
JOB2201,2025-05-01,Digital Marketing Analyst,Marketing,East of England,Banking,Entry level,Master's,Hybrid,33535,"Excel, SQL, Python, Google Analytics",5
JOB2202,2026-01-01,Software Engineer,Technology,West Midlands,E-commerce,Entry level,Master's,Hybrid,33927,"AWS, APIs, Cyber Security, Docker",5
JOB2203,2025-07-01,Cyber Security Analyst,Technology,Wales,E-commerce,Entry level,Degree,Remote,40207,"SQL, Python, APIs, Docker",3
JOB2204,2026-08-01,Data Analyst,Data,Scotland,SaaS,Entry level,Degree,Hybrid,33232,"Power BI, Excel, SQL, Statistics, Data Visualisation",4
JOB2205,2025-06-01,Business Analyst,Business,South East,HealthTech,Entry level,Degree,Hybrid,44568,"Requirements Analysis, SQL, Agile, Excel",8
JOB2206,2025-02-01,Operations Analyst,Operations,North West,Public Sector,Mid level,Degree,Remote,51321,"Power BI, SQL, Forecasting, Process Improvement",5
JOB2207,2026-01-01,Data Scientist,Data,West Midlands,Retail,Entry level,Degree,Hybrid,38639,"Statistics, Python, Excel, Power BI",10
JOB2208,2026-08-01,Software Engineer,Technology,Yorkshire & Humber,Insurance,Mid level,Degree,Remote,53882,"Linux, Cyber Security, Docker",4
JOB2209,2025-07-01,Software Engineer,Technology,South East,Banking,Mid level,Master's,On-site,56805,"Cyber Security, SQL, Git, APIs",2
JOB2210,2026-01-01,Financial Analyst,Finance,North West,Retail,Entry level,Master's,Hybrid,40265,"SQL, Forecasting, Financial Modelling, Python",5
JOB2211,2025-09-01,Cyber Security Analyst,Technology,London,Insurance,Mid level,Degree,Remote,63520,"Python, Linux, AWS, Cyber Security, Git",6
JOB2212,2026-11-01,Data Analyst,Data,London,E-commerce,Mid level,Degree,Hybrid,50388,"Tableau, Pandas, Statistics, Python",8
JOB2213,2025-01-01,Data Analyst,Data,West Midlands,FinTech,Senior,Master's,On-site,59700,"Statistics, Python, SQL, Pandas, Power BI",3
JOB2214,2025-01-01,Cloud Engineer,Technology,South West,Public Sector,Entry level,Degree,Hybrid,56446,"AWS, Python, Linux, Git, APIs",5
JOB2215,2025-09-01,Digital Marketing Analyst,Marketing,London,Retail,Senior,Master's,Hybrid,71831,"Excel, SQL, A/B Testing, Google Analytics, Python",6
JOB2216,2025-09-01,Software Engineer,Technology,East of England,Banking,Entry level,Degree,Remote,48818,"Linux, APIs, Git, Cyber Security, Docker",4
JOB2217,2026-01-01,BI Analyst,Data,East of England,Public Sector,Mid level,Master's,Remote,44932,"Pandas, Power BI, Excel, SQL, Tableau",3
JOB2218,2025-12-01,Business Analyst,Business,Northern Ireland,Telecoms,Mid level,Master's,Hybrid,48671,"Agile, Requirements Analysis, SQL",6
JOB2219,2025-01-01,Data Analyst,Data,East of England,Retail,Mid level,Degree,On-site,52802,"Power BI, Data Visualisation, Tableau",4
JOB2220,2026-05-01,Data Analyst,Data,London,SaaS,Mid level,Master's,Hybrid,56042,"Data Visualisation, Pandas, Statistics",3
JOB2221,2025-11-01,Data Analyst,Data,London,FinTech,Entry level,Degree,Hybrid,38213,"Python, Power BI, Pandas, Excel, Tableau",4
JOB2222,2026-01-01,Software Engineer,Technology,London,FinTech,Entry level,Degree,Hybrid,58535,"Git, AWS, APIs",4
JOB2223,2025-04-01,Cloud Engineer,Technology,South East,HealthTech,Entry level,No degree,Hybrid,47045,"Linux, SQL, Git, AWS",6
JOB2224,2025-07-01,BI Analyst,Data,Yorkshire & Humber,Banking,Mid level,No degree,Remote,45845,"Python, Statistics, Excel, Data Visualisation, Tableau",4
JOB2225,2026-09-01,Product Analyst,Data,East of England,FinTech,Entry level,Degree,Remote,38591,"Data Visualisation, Python, Statistics",2
JOB2226,2026-10-01,Business Analyst,Business,London,Insurance,Entry level,No degree,Remote,40106,"SQL, Requirements Analysis, Excel, Jira, Power BI",5
JOB2227,2026-06-01,Data Scientist,Data,East of England,Banking,Entry level,Degree,Hybrid,44745,"SQL, Pandas, Tableau, Power BI, Data Visualisation",5
JOB2228,2026-07-01,Product Analyst,Data,East of England,Public Sector,Senior,Degree,Hybrid,76731,"Power BI, Tableau, Statistics, Pandas",5
JOB2229,2025-05-01,Software Engineer,Technology,South East,HealthTech,Mid level,Master's,Hybrid,51710,"Docker, Linux, Git, AWS",4
JOB2230,2025-09-01,Cyber Security Analyst,Technology,Yorkshire & Humber,HealthTech,Entry level,No degree,Hybrid,31169,"APIs, Python, SQL, Git",7
JOB2231,2025-06-01,Project Manager,Business,Yorkshire & Humber,Insurance,Mid level,Degree,On-site,49376,"Power BI, Agile, Jira, SQL, Excel",4
JOB2232,2026-09-01,Data Analyst,Data,London,Telecoms,Mid level,Degree,Hybrid,42345,"Data Visualisation, Python, SQL",6
JOB2233,2025-09-01,Business Analyst,Business,South West,Consulting,Mid level,Master's,Hybrid,49021,"Jira, Power BI, Requirements Analysis, Agile",7
JOB2234,2026-06-01,Digital Marketing Analyst,Marketing,Yorkshire & Humber,Banking,Senior,Master's,Hybrid,57683,"Python, Excel, SQL, Power BI",4
JOB2235,2025-11-01,Financial Analyst,Finance,North West,E-commerce,Mid level,Degree,Hybrid,51900,"Forecasting, Excel, Python",5
JOB2236,2025-05-01,Cloud Engineer,Technology,North West,FinTech,Entry level,Master's,On-site,42222,"Cyber Security, Linux, APIs, SQL",2
JOB2237,2025-12-01,Financial Analyst,Finance,Wales,Retail,Senior,Degree,Hybrid,69863,"Excel, Financial Modelling, SQL, Python",7
JOB2238,2025-01-01,BI Analyst,Data,North West,Public Sector,Entry level,No degree,Hybrid,32279,"Pandas, SQL, Power BI, Excel, Statistics",6
JOB2239,2025-02-01,Financial Analyst,Finance,London,Insurance,Mid level,Degree,Remote,59042,"Forecasting, SQL, Power BI, Excel",2
JOB2240,2025-01-01,Cyber Security Analyst,Technology,London,FinTech,Mid level,Degree,Remote,66008,"Cyber Security, APIs, Python",5
JOB2241,2026-03-01,Data Scientist,Data,Wales,E-commerce,Mid level,Degree,Remote,48031,"Python, Power BI, Data Visualisation",5
JOB2242,2025-10-01,Software Engineer,Technology,North West,Banking,Entry level,Degree,Remote,43992,"APIs, Python, Git, Cyber Security, Linux",3
JOB2243,2025-10-01,Cyber Security Analyst,Technology,North West,SaaS,Mid level,Degree,Remote,60793,"Docker, Linux, SQL, Cyber Security, Git",3
JOB2244,2026-09-01,BI Analyst,Data,London,Insurance,Mid level,Master's,Hybrid,60758,"Excel, Tableau, Python, Pandas, SQL",3
JOB2245,2026-07-01,Business Analyst,Business,South East,HealthTech,Mid level,No degree,Remote,56181,"Power BI, Stakeholder Management, Jira, Agile, Requirements Analysis",5
JOB2246,2026-10-01,Operations Analyst,Operations,South East,SaaS,Mid level,Degree,Hybrid,48108,"SQL, Python, Power BI, Process Improvement, Excel",6
JOB2247,2026-10-01,BI Analyst,Data,Wales,Banking,Mid level,Degree,Hybrid,50399,"SQL, Excel, Statistics, Pandas",7
JOB2248,2025-12-01,Digital Marketing Analyst,Marketing,West Midlands,E-commerce,Senior,Degree,Hybrid,69585,"Python, A/B Testing, Google Analytics, Excel, SQL",4
JOB2249,2025-11-01,Data Scientist,Data,South West,Consulting,Entry level,Degree,Hybrid,45461,"Power BI, Pandas, Data Visualisation, Python",5
JOB2250,2025-02-01,Business Analyst,Business,East of England,Consulting,Senior,Degree,On-site,69765,"Agile, Jira, SQL, Excel, Stakeholder Management",5
JOB2251,2026-01-01,Financial Analyst,Finance,North East,Insurance,Entry level,Degree,Hybrid,29517,"Power BI, Python, Excel, SQL, Financial Modelling",5
JOB2252,2026-10-01,Operations Analyst,Operations,London,Banking,Entry level,Degree,Hybrid,43386,"SQL, Excel, Power BI, Forecasting",6
JOB2253,2025-03-01,Business Analyst,Business,Wales,Consulting,Entry level,Master's,Hybrid,42936,"Stakeholder Management, Requirements Analysis, Agile, SQL, Excel",5
JOB2254,2025-02-01,Business Analyst,Business,West Midlands,SaaS,Mid level,Degree,Remote,49298,"SQL, Jira, Requirements Analysis, Power BI",3
JOB2255,2026-12-01,Data Analyst,Data,London,FinTech,Entry level,Degree,Remote,38675,"Pandas, Power BI, Python, SQL, Data Visualisation",2
JOB2256,2026-11-01,Cyber Security Analyst,Technology,South East,FinTech,Mid level,Degree,On-site,56096,"Python, APIs, Docker, Linux",3
JOB2257,2025-02-01,Cyber Security Analyst,Technology,Scotland,Insurance,Mid level,Master's,Hybrid,41407,"Cyber Security, Python, APIs, Docker, AWS",3
JOB2258,2025-09-01,Data Analyst,Data,London,E-commerce,Senior,Degree,Hybrid,67626,"Power BI, Excel, Data Visualisation",7
JOB2259,2025-11-01,BI Analyst,Data,South East,Consulting,Mid level,Degree,Remote,47034,"Pandas, Power BI, Excel",3
JOB2260,2026-08-01,BI Analyst,Data,Northern Ireland,Telecoms,Senior,Master's,Remote,71002,"Excel, Power BI, SQL",2
JOB2261,2025-04-01,Project Manager,Business,London,SaaS,Entry level,Degree,Hybrid,49493,"Power BI, Requirements Analysis, Stakeholder Management",5
JOB2262,2025-03-01,Data Scientist,Data,South East,Public Sector,Mid level,Master's,Hybrid,58938,"Tableau, Pandas, Excel",4
JOB2263,2025-11-01,Software Engineer,Technology,North East,SaaS,Entry level,Degree,Hybrid,35813,"Docker, APIs, Python",5
JOB2264,2026-05-01,Product Analyst,Data,London,Public Sector,Mid level,Degree,Hybrid,62354,"Pandas, Power BI, Tableau, Data Visualisation, Python",8
JOB2265,2025-03-01,Operations Analyst,Operations,South East,FinTech,Entry level,Degree,Hybrid,40766,"Python, Excel, Process Improvement, SQL, Forecasting",8
JOB2266,2025-12-01,Software Engineer,Technology,East of England,E-commerce,Mid level,Degree,Hybrid,55506,"Cyber Security, Docker, APIs, SQL",9
JOB2267,2026-07-01,Cloud Engineer,Technology,East of England,HealthTech,Mid level,Degree,Hybrid,53848,"AWS, Linux, SQL",6
JOB2268,2025-01-01,Business Analyst,Business,Yorkshire & Humber,SaaS,Mid level,Degree,Remote,47273,"SQL, Jira, Stakeholder Management, Excel, Power BI",5
JOB2269,2026-10-01,Cloud Engineer,Technology,North West,SaaS,Entry level,Degree,Hybrid,43793,"Python, Docker, AWS, SQL, Cyber Security",5
JOB2270,2026-08-01,Data Analyst,Data,South West,Insurance,Mid level,Degree,On-site,38648,"Statistics, Power BI, SQL, Tableau",3
JOB2271,2025-12-01,Cloud Engineer,Technology,London,Insurance,Mid level,Master's,Hybrid,61615,"Cyber Security, AWS, APIs",3
JOB2272,2025-01-01,Data Scientist,Data,North West,FinTech,Mid level,Degree,Hybrid,60402,"Tableau, Statistics, Power BI",6
JOB2273,2026-04-01,Data Analyst,Data,South East,Consulting,Entry level,Master's,Remote,41813,"Excel, Pandas, Power BI, SQL",5
JOB2274,2026-11-01,Financial Analyst,Finance,North West,Banking,Mid level,Degree,On-site,44013,"Financial Modelling, Excel, Python, SQL, Forecasting",3
JOB2275,2025-10-01,Data Scientist,Data,London,SaaS,Entry level,Degree,Remote,48688,"Pandas, Power BI, Excel, Data Visualisation",3
JOB2276,2026-01-01,Operations Analyst,Operations,South East,Banking,Entry level,Degree,Hybrid,44385,"Excel, Forecasting, Process Improvement, SQL, Power BI",6
JOB2277,2025-07-01,Operations Analyst,Operations,South East,FinTech,Mid level,Degree,Hybrid,49292,"SQL, Excel, Process Improvement, Power BI",7
JOB2278,2025-03-01,Project Manager,Business,North East,SaaS,Senior,Degree,Remote,65833,"Power BI, Stakeholder Management, Jira",5
JOB2279,2025-06-01,Software Engineer,Technology,London,Telecoms,Entry level,No degree,Hybrid,46630,"Git, Python, AWS",7
JOB2280,2026-11-01,Financial Analyst,Finance,North West,Telecoms,Mid level,Degree,Remote,51667,"Financial Modelling, SQL, Excel, Forecasting, Python",3
JOB2281,2026-08-01,Project Manager,Business,Yorkshire & Humber,Retail,Mid level,Master's,Hybrid,48592,"Agile, Power BI, SQL",6
JOB2282,2026-01-01,Business Analyst,Business,West Midlands,Public Sector,Senior,No degree,Hybrid,70213,"Power BI, SQL, Requirements Analysis, Stakeholder Management",5
JOB2283,2025-03-01,Business Analyst,Business,Scotland,Banking,Mid level,Degree,Hybrid,47196,"Agile, Requirements Analysis, Power BI",11
JOB2284,2025-10-01,Business Analyst,Business,East of England,Banking,Entry level,Degree,Hybrid,42140,"Agile, SQL, Stakeholder Management, Jira",7
JOB2285,2025-07-01,Cloud Engineer,Technology,Wales,Telecoms,Senior,Master's,Hybrid,69171,"APIs, AWS, SQL",4
JOB2286,2025-10-01,Operations Analyst,Operations,London,Retail,Entry level,Degree,Hybrid,44538,"Power BI, Excel, Forecasting, SQL",5
JOB2287,2025-04-01,Project Manager,Business,North West,FinTech,Entry level,Degree,Hybrid,34668,"Requirements Analysis, Excel, Agile, Power BI, Stakeholder Management",8
JOB2288,2026-06-01,Operations Analyst,Operations,Scotland,Banking,Entry level,Degree,Hybrid,32888,"Python, Power BI, Excel, Process Improvement, SQL",5
JOB2289,2026-08-01,Business Analyst,Business,London,SaaS,Mid level,Degree,Hybrid,60570,"Jira, Stakeholder Management, Agile, Excel",6
JOB2290,2026-09-01,Operations Analyst,Operations,London,HealthTech,Entry level,Degree,On-site,37039,"Process Improvement, Excel, Power BI, Python",8
JOB2291,2026-01-01,Cyber Security Analyst,Technology,London,E-commerce,Entry level,Degree,Hybrid,46564,"SQL, Python, Linux",6
JOB2292,2025-09-01,Data Analyst,Data,North West,SaaS,Mid level,Degree,On-site,47884,"SQL, Pandas, Python",3
JOB2293,2026-07-01,Financial Analyst,Finance,North West,SaaS,Entry level,Degree,On-site,32721,"SQL, Forecasting, Python",4
JOB2294,2026-07-01,Cyber Security Analyst,Technology,Yorkshire & Humber,Telecoms,Entry level,Degree,Hybrid,40620,"SQL, Cyber Security, Docker",4
JOB2295,2025-07-01,Business Analyst,Business,North East,Retail,Entry level,Degree,Remote,25943,"Requirements Analysis, SQL, Stakeholder Management, Agile",6
JOB2296,2026-03-01,Cloud Engineer,Technology,London,Public Sector,Mid level,Master's,Hybrid,50587,"AWS, Cyber Security, SQL, APIs",4
JOB2297,2025-03-01,Business Analyst,Business,London,Banking,Mid level,No degree,Remote,52877,"Requirements Analysis, Power BI, Jira, Stakeholder Management",2
JOB2298,2026-02-01,Cloud Engineer,Technology,Scotland,Consulting,Entry level,No degree,Hybrid,44228,"Git, Linux, Python",3
JOB2299,2026-08-01,Business Analyst,Business,East of England,SaaS,Entry level,Degree,Remote,42984,"Agile, Power BI, Stakeholder Management, Jira, Excel",2
JOB2300,2026-05-01,Financial Analyst,Finance,North East,Retail,Entry level,Degree,Remote,37708,"SQL, Power BI, Excel, Forecasting, Python",4
JOB2301,2025-03-01,Digital Marketing Analyst,Marketing,West Midlands,FinTech,Mid level,Master's,Remote,40760,"Google Analytics, Python, Excel",1
JOB2302,2025-12-01,Operations Analyst,Operations,North West,Banking,Senior,No degree,Remote,58057,"Excel, Forecasting, Process Improvement, Power BI",4
JOB2303,2026-03-01,Data Analyst,Data,London,Consulting,Mid level,Degree,On-site,55715,"Tableau, Pandas, Power BI",2
JOB2304,2025-03-01,BI Analyst,Data,South East,Public Sector,Mid level,Degree,Hybrid,49369,"SQL, Power BI, Statistics",7
JOB2305,2026-06-01,Financial Analyst,Finance,Wales,Retail,Entry level,Degree,Hybrid,42522,"Python, Forecasting, Excel, SQL",4
JOB2306,2026-03-01,Product Analyst,Data,London,SaaS,Entry level,No degree,Hybrid,42128,"Statistics, SQL, Power BI",7
JOB2307,2025-01-01,BI Analyst,Data,Scotland,Consulting,Entry level,Degree,Hybrid,31935,"Python, Excel, Tableau",8
JOB2308,2025-08-01,Digital Marketing Analyst,Marketing,Wales,SaaS,Entry level,No degree,Hybrid,33854,"SQL, Python, A/B Testing, Excel",5
JOB2309,2025-06-01,Cloud Engineer,Technology,London,E-commerce,Senior,Degree,Hybrid,84131,"Python, APIs, Git, SQL",5
JOB2310,2025-01-01,Data Analyst,Data,South East,HealthTech,Entry level,Degree,Hybrid,41440,"Data Visualisation, Tableau, SQL, Pandas, Excel",8
JOB2311,2026-07-01,Financial Analyst,Finance,London,Insurance,Senior,Degree,Hybrid,73141,"SQL, Forecasting, Python, Excel",6
JOB2312,2026-04-01,Operations Analyst,Operations,London,Retail,Mid level,Degree,On-site,50839,"Forecasting, Power BI, SQL, Process Improvement",5
JOB2313,2026-04-01,Business Analyst,Business,London,FinTech,Entry level,Degree,On-site,39199,"Power BI, Requirements Analysis, Agile, SQL, Jira",3
JOB2314,2025-04-01,Project Manager,Business,South West,SaaS,Mid level,Degree,Hybrid,50676,"Requirements Analysis, Excel, Agile",4
JOB2315,2026-03-01,Software Engineer,Technology,Yorkshire & Humber,Insurance,Entry level,Degree,Remote,49092,"Docker, Python, Linux, APIs",4
JOB2316,2026-06-01,Cloud Engineer,Technology,West Midlands,E-commerce,Mid level,Degree,Hybrid,58200,"SQL, APIs, Cyber Security, Linux",6
JOB2317,2026-02-01,Data Analyst,Data,East of England,Telecoms,Entry level,Master's,Remote,44945,"Excel, Tableau, Statistics",2
JOB2318,2025-03-01,Cloud Engineer,Technology,London,E-commerce,Mid level,Degree,Hybrid,64124,"Python, Docker, Git, Linux",11
JOB2319,2026-01-01,Data Scientist,Data,Scotland,SaaS,Senior,Degree,On-site,73044,"Pandas, SQL, Data Visualisation",7
JOB2320,2026-07-01,Business Analyst,Business,London,Public Sector,Entry level,Degree,Hybrid,43062,"Agile, SQL, Power BI, Requirements Analysis",9
JOB2321,2025-10-01,Business Analyst,Business,North West,Retail,Mid level,Master's,Hybrid,47848,"Jira, Excel, Stakeholder Management, Requirements Analysis, Power BI",5
JOB2322,2025-10-01,Business Analyst,Business,South East,Consulting,Mid level,Degree,Hybrid,62105,"Power BI, SQL, Stakeholder Management, Jira, Excel",6
JOB2323,2026-12-01,Digital Marketing Analyst,Marketing,North East,SaaS,Entry level,Master's,Hybrid,29204,"Excel, Power BI, SQL",5
JOB2324,2026-08-01,Business Analyst,Business,North West,Insurance,Entry level,Degree,Hybrid,36529,"Agile, Stakeholder Management, Excel, Jira",6
JOB2325,2025-11-01,Operations Analyst,Operations,West Midlands,Public Sector,Entry level,Master's,Hybrid,26483,"Power BI, Python, SQL, Forecasting, Process Improvement",4
JOB2326,2025-01-01,Data Scientist,Data,South East,Telecoms,Entry level,Degree,Hybrid,54400,"Excel, Data Visualisation, SQL, Python, Tableau",6
JOB2327,2025-05-01,Cloud Engineer,Technology,Wales,Retail,Senior,Degree,Hybrid,73289,"APIs, Docker, Cyber Security, AWS",5
JOB2328,2026-09-01,Digital Marketing Analyst,Marketing,Yorkshire & Humber,Public Sector,Entry level,Degree,On-site,27007,"Excel, Power BI, Google Analytics",4
JOB2329,2025-08-01,Software Engineer,Technology,London,Telecoms,Senior,Degree,Remote,91145,"Linux, APIs, SQL, Python",5
JOB2330,2026-05-01,Software Engineer,Technology,North West,Consulting,Entry level,Degree,Hybrid,43856,"Cyber Security, Git, AWS",5
JOB2331,2025-11-01,Operations Analyst,Operations,London,FinTech,Mid level,Degree,Remote,58406,"Process Improvement, Excel, SQL",3
JOB2332,2025-03-01,BI Analyst,Data,Scotland,SaaS,Mid level,Master's,Remote,49167,"Pandas, SQL, Statistics, Excel, Power BI",2
JOB2333,2026-05-01,Software Engineer,Technology,South West,Telecoms,Entry level,Degree,Remote,29779,"AWS, Cyber Security, Linux",5
JOB2334,2025-05-01,Data Scientist,Data,North West,Insurance,Mid level,Degree,Hybrid,46097,"Excel, Power BI, Data Visualisation",6
JOB2335,2026-01-01,Cyber Security Analyst,Technology,North West,Banking,Mid level,Degree,On-site,44200,"SQL, Docker, Linux, AWS, APIs",6
JOB2336,2025-06-01,Cloud Engineer,Technology,East of England,HealthTech,Entry level,Degree,Remote,48360,"Cyber Security, Docker, SQL, Git",3
JOB2337,2025-08-01,Software Engineer,Technology,Yorkshire & Humber,Banking,Entry level,Master's,On-site,44089,"Python, Docker, APIs",7
JOB2338,2026-10-01,Data Analyst,Data,Scotland,FinTech,Senior,Degree,Remote,68841,"Pandas, Tableau, Excel, Data Visualisation",4
JOB2339,2025-10-01,Data Analyst,Data,Yorkshire & Humber,Telecoms,Mid level,Master's,Hybrid,53663,"Data Visualisation, Tableau, SQL, Pandas, Power BI",5
JOB2340,2025-05-01,Data Scientist,Data,East of England,SaaS,Entry level,Degree,Hybrid,51332,"Python, Excel, Tableau, SQL",6
JOB2341,2026-09-01,Data Scientist,Data,Yorkshire & Humber,Public Sector,Mid level,Master's,Hybrid,44181,"Statistics, Tableau, Pandas",5
JOB2342,2025-08-01,Cyber Security Analyst,Technology,West Midlands,Consulting,Mid level,Master's,Remote,49245,"Docker, Cyber Security, Git, AWS, Python",4
JOB2343,2025-05-01,Data Analyst,Data,South East,Public Sector,Senior,Master's,On-site,69939,"Data Visualisation, Tableau, Pandas",4
JOB2344,2025-06-01,Data Analyst,Data,East of England,E-commerce,Mid level,Master's,Hybrid,61386,"Excel, Python, Power BI, SQL, Statistics",5
JOB2345,2026-06-01,Product Analyst,Data,East of England,FinTech,Mid level,Degree,Hybrid,50854,"Python, Data Visualisation, Pandas, Statistics",6
JOB2346,2026-05-01,Data Scientist,Data,South East,Public Sector,Mid level,Degree,Hybrid,42347,"Python, Data Visualisation, SQL, Excel, Statistics",7
JOB2347,2026-08-01,Cloud Engineer,Technology,Northern Ireland,Insurance,Mid level,Degree,On-site,55096,"Python, AWS, Linux",6
JOB2348,2026-12-01,Business Analyst,Business,West Midlands,Consulting,Entry level,Master's,Remote,34386,"Agile, Power BI, Requirements Analysis",6
JOB2349,2026-04-01,Software Engineer,Technology,Yorkshire & Humber,E-commerce,Entry level,No degree,Remote,41876,"APIs, SQL, Cyber Security, Python, AWS",1
JOB2350,2026-09-01,Product Analyst,Data,South East,FinTech,Entry level,No degree,Hybrid,40660,"Pandas, Data Visualisation, Tableau",5
JOB2351,2025-12-01,Cloud Engineer,Technology,Wales,FinTech,Mid level,Degree,Hybrid,44028,"Cyber Security, SQL, AWS",4
JOB2352,2026-12-01,Data Analyst,Data,South East,FinTech,Entry level,Master's,Hybrid,47753,"Excel, Pandas, Statistics, Power BI",5
JOB2353,2025-08-01,Cyber Security Analyst,Technology,West Midlands,FinTech,Mid level,Degree,Hybrid,54826,"Docker, SQL, Python, Linux, Git",5
JOB2354,2025-04-01,Business Analyst,Business,West Midlands,Banking,Senior,Degree,Hybrid,63450,"Requirements Analysis, Power BI, Jira, Agile",6
JOB2355,2025-12-01,Software Engineer,Technology,North West,Insurance,Senior,Degree,Remote,77245,"Linux, Python, APIs, SQL, AWS",2
JOB2356,2026-06-01,Product Analyst,Data,South West,Insurance,Entry level,Degree,Hybrid,35433,"Python, Data Visualisation, SQL, Pandas",4
JOB2357,2025-02-01,Project Manager,Business,South East,Telecoms,Mid level,Degree,Hybrid,53094,"Agile, Excel, Stakeholder Management",5
JOB2358,2026-10-01,Operations Analyst,Operations,London,FinTech,Senior,Degree,Hybrid,68194,"Process Improvement, Power BI, SQL, Forecasting, Excel",5
JOB2359,2026-02-01,Operations Analyst,Operations,North East,Banking,Mid level,Master's,On-site,39106,"Forecasting, SQL, Excel, Power BI",3
JOB2360,2026-09-01,Operations Analyst,Operations,North East,Public Sector,Mid level,Master's,Hybrid,42515,"SQL, Python, Forecasting, Excel",4
JOB2361,2025-04-01,Business Analyst,Business,Scotland,Insurance,Entry level,Degree,Hybrid,34595,"SQL, Stakeholder Management, Agile, Jira, Power BI",6
JOB2362,2025-03-01,BI Analyst,Data,London,Banking,Mid level,Degree,Remote,58877,"Pandas, Excel, SQL",5
JOB2363,2026-05-01,BI Analyst,Data,South East,HealthTech,Senior,Degree,On-site,66081,"Data Visualisation, SQL, Excel, Power BI",5
JOB2364,2026-06-01,Cloud Engineer,Technology,West Midlands,E-commerce,Entry level,Degree,Hybrid,44142,"Docker, Cyber Security, Python",4
JOB2365,2026-12-01,Business Analyst,Business,South East,Consulting,Mid level,Degree,Hybrid,54758,"Excel, Power BI, Agile, Requirements Analysis",6
JOB2366,2026-02-01,Digital Marketing Analyst,Marketing,Scotland,FinTech,Entry level,Degree,On-site,39873,"SQL, Power BI, A/B Testing",3
JOB2367,2025-10-01,Business Analyst,Business,London,SaaS,Mid level,Degree,Hybrid,66360,"Excel, Jira, Stakeholder Management",5
JOB2368,2025-04-01,Data Analyst,Data,Northern Ireland,E-commerce,Mid level,Degree,On-site,48871,"Python, Power BI, Statistics, Excel",2
JOB2369,2026-05-01,Business Analyst,Business,South East,Banking,Entry level,No degree,Hybrid,44567,"Excel, Stakeholder Management, Agile",5
JOB2370,2025-06-01,Product Analyst,Data,Scotland,FinTech,Senior,No degree,Hybrid,73226,"Pandas, Python, Excel, SQL, Data Visualisation",6
JOB2371,2026-06-01,Data Scientist,Data,North West,Banking,Entry level,Degree,On-site,50105,"Power BI, Pandas, Excel",6
JOB2372,2025-05-01,Operations Analyst,Operations,West Midlands,E-commerce,Entry level,Degree,Hybrid,36506,"SQL, Power BI, Python, Process Improvement",5
JOB2373,2025-12-01,Business Analyst,Business,West Midlands,SaaS,Entry level,Degree,Remote,27377,"Jira, SQL, Power BI, Stakeholder Management",6
JOB2374,2026-04-01,Data Analyst,Data,South East,SaaS,Mid level,Degree,Remote,49439,"Pandas, Tableau, SQL, Data Visualisation",4
JOB2375,2026-01-01,Financial Analyst,Finance,North West,Telecoms,Entry level,Degree,Remote,39884,"Excel, Financial Modelling, Power BI",4
JOB2376,2026-11-01,Product Analyst,Data,Northern Ireland,SaaS,Senior,Degree,Remote,72032,"Pandas, SQL, Python, Tableau, Data Visualisation",4
JOB2377,2026-08-01,Cyber Security Analyst,Technology,West Midlands,Public Sector,Entry level,Degree,Hybrid,44504,"Git, SQL, Linux, Python, Docker",8
JOB2378,2025-12-01,Operations Analyst,Operations,Wales,Retail,Entry level,Degree,Remote,24000,"Forecasting, SQL, Excel, Power BI, Process Improvement",3
JOB2379,2025-04-01,Product Analyst,Data,North West,FinTech,Senior,No degree,On-site,68147,"SQL, Statistics, Power BI, Excel",2
JOB2380,2025-10-01,BI Analyst,Data,South West,Banking,Entry level,Degree,Hybrid,40248,"SQL, Excel, Data Visualisation, Python",5
JOB2381,2026-09-01,Software Engineer,Technology,London,Telecoms,Mid level,Degree,Hybrid,57915,"Git, Python, SQL, APIs",6
JOB2382,2025-08-01,Software Engineer,Technology,London,Retail,Entry level,Master's,Remote,50489,"SQL, APIs, Python",2
JOB2383,2025-07-01,Financial Analyst,Finance,Wales,SaaS,Entry level,Master's,On-site,31494,"SQL, Power BI, Python, Financial Modelling",4
JOB2384,2025-09-01,Digital Marketing Analyst,Marketing,East of England,Retail,Entry level,No degree,Hybrid,30388,"Google Analytics, Power BI, Python, A/B Testing, SQL",5
JOB2385,2026-06-01,BI Analyst,Data,North East,Consulting,Entry level,Degree,On-site,32686,"Power BI, Excel, Python, Statistics",4
JOB2386,2026-07-01,Cyber Security Analyst,Technology,Scotland,FinTech,Entry level,Degree,Hybrid,38894,"Linux, Cyber Security, Python",7
JOB2387,2026-04-01,Data Scientist,Data,London,Consulting,Mid level,Degree,Hybrid,66947,"Pandas, SQL, Excel, Power BI, Tableau",5
JOB2388,2026-09-01,Business Analyst,Business,East of England,Consulting,Mid level,Degree,On-site,59473,"SQL, Agile, Stakeholder Management",3
JOB2389,2025-04-01,Product Analyst,Data,London,Banking,Entry level,Degree,Remote,46039,"Python, Statistics, Pandas, Excel",3
JOB2390,2025-05-01,Cyber Security Analyst,Technology,Yorkshire & Humber,HealthTech,Mid level,Degree,Remote,43783,"Linux, Docker, SQL, Python",3
JOB2391,2026-03-01,Cyber Security Analyst,Technology,North West,FinTech,Mid level,Degree,Remote,60542,"AWS, SQL, Linux",3
JOB2392,2026-04-01,Product Analyst,Data,South West,Banking,Senior,Degree,Hybrid,74329,"Excel, SQL, Power BI",6
JOB2393,2026-04-01,Operations Analyst,Operations,London,Public Sector,Entry level,Master's,Hybrid,42956,"Excel, Process Improvement, Python, SQL, Power BI",4
JOB2394,2026-12-01,Digital Marketing Analyst,Marketing,West Midlands,Insurance,Senior,Master's,Hybrid,56160,"Excel, A/B Testing, Python, Google Analytics, Power BI",4
JOB2395,2026-09-01,Business Analyst,Business,Yorkshire & Humber,Retail,Senior,Master's,Remote,67375,"Power BI, SQL, Excel, Agile",1
JOB2396,2025-02-01,Product Analyst,Data,South East,Banking,Mid level,Degree,Hybrid,53131,"Pandas, Power BI, Tableau",4
JOB2397,2026-07-01,Financial Analyst,Finance,London,SaaS,Entry level,Degree,Remote,36577,"Power BI, SQL, Forecasting, Financial Modelling, Python",4
JOB2398,2026-10-01,Digital Marketing Analyst,Marketing,West Midlands,Consulting,Senior,Degree,Remote,68598,"Google Analytics, Power BI, SQL, Python",3
JOB2399,2026-08-01,Cyber Security Analyst,Technology,London,Banking,Mid level,Master's,Hybrid,60763,"Linux, SQL, Docker",3
JOB2400,2025-02-01,Cloud Engineer,Technology,London,SaaS,Mid level,Degree,On-site,63495,"Cyber Security, Docker, APIs, AWS, SQL",3
